,Province,Prefecture,county
0,bei jing,bei jing,dong cheng
1,bei jing,bei jing,xi cheng
2,bei jing,bei jing,chao yang
3,bei jing,bei jing,feng tai
4,bei jing,bei jing,shi jing shan
5,bei jing,bei jing,hai dian
6,bei jing,bei jing,men tou gou
7,bei jing,bei jing,fang shan
8,bei jing,bei jing,tong zhou
9,bei jing,bei jing,shun yi
10,bei jing,bei jing,chang ping
11,bei jing,bei jing,da xing
12,bei jing,bei jing,da xing
13,bei jing,bei jing,huai rou
14,bei jing,bei jing,mi yun
15,bei jing,bei jing,yan qing
16,tian jin,tian jin,he ping
17,tian jin,tian jin,he dong
18,tian jin,tian jin,he xi
19,tian jin,tian jin,nan kai
20,tian jin,tian jin,he bei
21,tian jin,tian jin,hong qiao
22,tian jin,tian jin,dong li
23,tian jin,tian jin,xi qing
24,tian jin,tian jin,jin nan
25,tian jin,tian jin,bei chen
26,tian jin,tian jin,wu qing
27,tian jin,tian jin,bao chi
28,tian jin,tian jin,ning he
29,tian jin,tian jin,jing hai
30,tian jin,tian jin,bin hai xin
31,tian jin,tian jin,ji zhou
32,he bei,shi jia zhuang,chang an
33,he bei,shi jia zhuang,yu hua
34,he bei,shi jia zhuang,qiao xi
35,he bei,shi jia zhuang,xin hua
36,he bei,shi jia zhuang,gao cheng
37,he bei,shi jia zhuang,lu quan
38,he bei,shi jia zhuang,luan cheng
39,he bei,shi jia zhuang,jing xing kuang
40,he bei,shi jia zhuang,jing xing
41,he bei,shi jia zhuang,zheng ding
42,he bei,shi jia zhuang,luan cheng
43,he bei,shi jia zhuang,xing tang
44,he bei,shi jia zhuang,ling shou
45,he bei,shi jia zhuang,gao yi
46,he bei,shi jia zhuang,shen ze
47,he bei,shi jia zhuang,zan huang
48,he bei,shi jia zhuang,wu ji
49,he bei,shi jia zhuang,ping shan
50,he bei,shi jia zhuang,yuan shi
51,he bei,shi jia zhuang,zhao
52,he bei,shi jia zhuang,xin ji
53,he bei,shi jia zhuang,jin zhou
54,he bei,shi jia zhuang,xin le
55,he bei,tang shan,lu nan
56,he bei,tang shan,lu bei
57,he bei,tang shan,gu ye
58,he bei,tang shan,kai ping
59,he bei,tang shan,feng run
60,he bei,tang shan,feng nan
61,he bei,tang shan,cao fei dian
62,he bei,tang shan,zun hua
63,he bei,tang shan,qian an
64,he bei,tang shan,luan
65,he bei,tang shan,luan nan
66,he bei,tang shan,le ting
67,he bei,tang shan,qian xi
68,he bei,tang shan,yu tian
69,he bei,qin huang dao,hai gang
70,he bei,qin huang dao,shan hai guan
71,he bei,qin huang dao,bei dai he
72,he bei,qin huang dao,fu ning
73,he bei,qin huang dao,chang li
74,he bei,qin huang dao,lu long
75,he bei,qin huang dao,qing long man
76,he bei,han dan,han shan
77,he bei,han dan,cong tai
78,he bei,han dan,fu xing
79,he bei,han dan,feng feng kuang
80,he bei,han dan,fei xiang
81,he bei,han dan,yong nian
82,he bei,han dan,cheng an
83,he bei,han dan,da ming
84,he bei,han dan,she
85,he bei,han dan,ci
86,he bei,han dan,lin zhang
87,he bei,han dan,qiu
88,he bei,han dan,ji ze
89,he bei,han dan,guang ping
90,he bei,han dan,guan tao
91,he bei,han dan,wei
92,he bei,han dan,qu zhou
93,he bei,han dan,wu an
94,he bei,xing tai,qiao dong
95,he bei,xing tai,qiao xi
96,he bei,xing tai,xing tai
97,he bei,xing tai,lin cheng
98,he bei,xing tai,nei qiu
99,he bei,xing tai,bai xiang
100,he bei,xing tai,long yao
101,he bei,xing tai,ren
102,he bei,xing tai,nan he
103,he bei,xing tai,ning jin
104,he bei,xing tai,ju lu
105,he bei,xing tai,xin he
106,he bei,xing tai,guang zong
107,he bei,xing tai,ping xiang
108,he bei,xing tai,wei
109,he bei,xing tai,qing he
110,he bei,xing tai,lin xi
111,he bei,xing tai,nan gong
112,he bei,xing tai,sha he
113,he bei,bao ding,jing xiu
114,he bei,bao ding,lian chi
115,he bei,bao ding,man cheng
116,he bei,bao ding,qing yuan
117,he bei,bao ding,xu shui
118,he bei,bao ding,lai shui
119,he bei,bao ding,fu ping
120,he bei,bao ding,ding xing
121,he bei,bao ding,tang
122,he bei,bao ding,gao yang
123,he bei,bao ding,rong cheng
124,he bei,bao ding,lai yuan
125,he bei,bao ding,wang du
126,he bei,bao ding,an xin
127,he bei,bao ding,yi
128,he bei,bao ding,qu yang
129,he bei,bao ding,li
130,he bei,bao ding,shun ping
131,he bei,bao ding,bo ye
132,he bei,bao ding,xiong
133,he bei,bao ding,zhuo zhou
134,he bei,bao ding,ding zhou
135,he bei,bao ding,an guo
136,he bei,bao ding,gao bei dian
137,he bei,zhang jia kou,qiao dong
138,he bei,zhang jia kou,qiao xi
139,he bei,zhang jia kou,xuan hua
140,he bei,zhang jia kou,xia hua yuan
141,he bei,zhang jia kou,wan quan
142,he bei,zhang jia kou,chong li
143,he bei,zhang jia kou,zhang bei
144,he bei,zhang jia kou,kang bao
145,he bei,zhang jia kou,gu yuan
146,he bei,zhang jia kou,shang yi
147,he bei,zhang jia kou,wei
148,he bei,zhang jia kou,yang yuan
149,he bei,zhang jia kou,huai an
150,he bei,zhang jia kou,huai lai
151,he bei,zhang jia kou,zhuo lu
152,he bei,zhang jia kou,chi cheng
153,he bei,cheng de,shuang qiao
154,he bei,cheng de,shuang luan
155,he bei,cheng de,ying shou ying zi kuang
156,he bei,cheng de,cheng de
157,he bei,cheng de,xing long
158,he bei,cheng de,ping quan
159,he bei,cheng de,luan ping
160,he bei,cheng de,long hua
161,he bei,cheng de,feng ning man
162,he bei,cheng de,kuan cheng man
163,he bei,cheng de,wei chang man meng gu
164,he bei,cang zhou,xin hua
165,he bei,cang zhou,yun he
166,he bei,cang zhou,cang
167,he bei,cang zhou,qing
168,he bei,cang zhou,dong guang
169,he bei,cang zhou,hai xing
170,he bei,cang zhou,yan shan
171,he bei,cang zhou,su ning
172,he bei,cang zhou,nan pi
173,he bei,cang zhou,wu qiao
174,he bei,cang zhou,xian
175,he bei,cang zhou,meng cun hui
176,he bei,cang zhou,bo tou
177,he bei,cang zhou,ren qiu
178,he bei,cang zhou,huang hua
179,he bei,cang zhou,he jian
180,he bei,lang fang,guang yang
181,he bei,lang fang,an ci
182,he bei,lang fang,gu an
183,he bei,lang fang,yong qing
184,he bei,lang fang,xiang he
185,he bei,lang fang,da cheng
186,he bei,lang fang,wen an
187,he bei,lang fang,da chang hui
188,he bei,lang fang,ba zhou
189,he bei,lang fang,san he
190,he bei,heng shui,tao cheng
191,he bei,heng shui,ji zhou
192,he bei,heng shui,zao qiang
193,he bei,heng shui,wu yi
194,he bei,heng shui,wu qiang
195,he bei,heng shui,rao yang
196,he bei,heng shui,an ping
197,he bei,heng shui,gu cheng
198,he bei,heng shui,jing
199,he bei,heng shui,fu cheng
200,he bei,heng shui,shen zhou
201,shan xi,tai yuan,xiao dian
202,shan xi,tai yuan,ying ze
203,shan xi,tai yuan,xing hua ling
204,shan xi,tai yuan,jian cao ping
205,shan xi,tai yuan,wan bai lin
206,shan xi,tai yuan,jin yuan
207,shan xi,tai yuan,qing xu
208,shan xi,tai yuan,yang qu
209,shan xi,tai yuan,lou fan
210,shan xi,tai yuan,gu jiao
211,shan xi,da tong,cheng
212,shan xi,da tong,kuang
213,shan xi,da tong,nan jiao
214,shan xi,da tong,xin rong
215,shan xi,da tong,yang gao
216,shan xi,da tong,tian zhen
217,shan xi,da tong,guang ling
218,shan xi,da tong,ling qiu
219,shan xi,da tong,hun yuan
220,shan xi,da tong,zuo yun
221,shan xi,da tong,da tong
222,shan xi,yang quan,cheng
223,shan xi,yang quan,kuang
224,shan xi,yang quan,jiao
225,shan xi,yang quan,ping ding
226,shan xi,yang quan,yu
227,shan xi,chang zhi,cheng
228,shan xi,chang zhi,jiao
229,shan xi,chang zhi,chang zhi
230,shan xi,chang zhi,xiang yuan
231,shan xi,chang zhi,tun liu
232,shan xi,chang zhi,ping shun
233,shan xi,chang zhi,li cheng
234,shan xi,chang zhi,hu guan
235,shan xi,chang zhi,chang zi
236,shan xi,chang zhi,wu xiang
237,shan xi,chang zhi,qin
238,shan xi,chang zhi,qin yuan
239,shan xi,chang zhi,lu cheng
240,shan xi,jin cheng,cheng
241,shan xi,jin cheng,qin shui
242,shan xi,jin cheng,yang cheng
243,shan xi,jin cheng,ling chuan
244,shan xi,jin cheng,ze zhou
245,shan xi,jin cheng,gao ping
246,shan xi,shuo zhou,shuo cheng
247,shan xi,shuo zhou,ping lu
248,shan xi,shuo zhou,shan yin
249,shan xi,shuo zhou,ying
250,shan xi,shuo zhou,you yu
251,shan xi,shuo zhou,huai ren
252,shan xi,xin zhou,xin fu
253,shan xi,xin zhou,yuan ping
254,shan xi,xin zhou,ding xiang
255,shan xi,xin zhou,wu tai
256,shan xi,xin zhou,dai
257,shan xi,xin zhou,fan zhi
258,shan xi,xin zhou,ning wu
259,shan xi,xin zhou,jing le
260,shan xi,xin zhou,shen chi
261,shan xi,xin zhou,wu zhai
262,shan xi,xin zhou,ke lan
263,shan xi,xin zhou,he qu
264,shan xi,xin zhou,bao de
265,shan xi,xin zhou,pian guan
266,shan xi,lv liang,li shi
267,shan xi,lv liang,xiao yi
268,shan xi,lv liang,fen yang
269,shan xi,lv liang,wen shui
270,shan xi,lv liang,jiao cheng
271,shan xi,lv liang,xing
272,shan xi,lv liang,lin
273,shan xi,lv liang,liu lin
274,shan xi,lv liang,shi lou
275,shan xi,lv liang,lan
276,shan xi,lv liang,fang shan
277,shan xi,lv liang,zhong yang
278,shan xi,lv liang,jiao kou
279,shan xi,jin zhong,yu ci
280,shan xi,jin zhong,jie xiu
281,shan xi,jin zhong,yu she
282,shan xi,jin zhong,zuo quan
283,shan xi,jin zhong,he shun
284,shan xi,jin zhong,xi yang
285,shan xi,jin zhong,shou yang
286,shan xi,jin zhong,tai gu
287,shan xi,jin zhong,qi
288,shan xi,jin zhong,ping yao
289,shan xi,jin zhong,ling shi
290,shan xi,lin fen,yao du
291,shan xi,lin fen,hou ma
292,shan xi,lin fen,huo zhou
293,shan xi,lin fen,qu wo
294,shan xi,lin fen,yi cheng
295,shan xi,lin fen,xiang fen
296,shan xi,lin fen,hong dong
297,shan xi,lin fen,gu
298,shan xi,lin fen,an ze
299,shan xi,lin fen,fu shan
300,shan xi,lin fen,ji
301,shan xi,lin fen,xiang ning
302,shan xi,lin fen,pu
303,shan xi,lin fen,da ning
304,shan xi,lin fen,yong he
305,shan xi,lin fen,xi
306,shan xi,lin fen,fen xi
307,shan xi,yun cheng,yan hu
308,shan xi,yun cheng,yong ji
309,shan xi,yun cheng,he jin
310,shan xi,yun cheng,rui cheng
311,shan xi,yun cheng,lin yi
312,shan xi,yun cheng,wan rong
313,shan xi,yun cheng,xin jiang
314,shan xi,yun cheng,ji shan
315,shan xi,yun cheng,wen xi
316,shan xi,yun cheng,xia
317,shan xi,yun cheng,jiang
318,shan xi,yun cheng,ping lu
319,shan xi,yun cheng,yuan qu
320,nei meng gu,hu he hao te,xin cheng
321,nei meng gu,hu he hao te,hui min
322,nei meng gu,hu he hao te,yu quan
323,nei meng gu,hu he hao te,sai han
324,nei meng gu,hu he hao te,tu mo te zuo
325,nei meng gu,hu he hao te,tuo ke tuo
326,nei meng gu,hu he hao te,he lin ge er
327,nei meng gu,hu he hao te,qing shui he
328,nei meng gu,hu he hao te,wu chuan
329,nei meng gu,bao tou,dong he
330,nei meng gu,bao tou,kun du lun
331,nei meng gu,bao tou,qing shan
332,nei meng gu,bao tou,shi guai
333,nei meng gu,bao tou,bai yun e bo kuang
334,nei meng gu,bao tou,jiu yuan
335,nei meng gu,bao tou,tu mo te you
336,nei meng gu,bao tou,gu yang
337,nei meng gu,bao tou,da er han mao ming an lian he
338,nei meng gu,wu hai,hai bo wan
339,nei meng gu,wu hai,hai nan
340,nei meng gu,wu hai,wu da
341,nei meng gu,chi feng,hong shan
342,nei meng gu,chi feng,yuan bao shan
343,nei meng gu,chi feng,song shan
344,nei meng gu,chi feng,a lu ke er qin
345,nei meng gu,chi feng,ba lin zuo
346,nei meng gu,chi feng,ba lin you
347,nei meng gu,chi feng,lin xi
348,nei meng gu,chi feng,ke shi ke teng
349,nei meng gu,chi feng,weng niu te
350,nei meng gu,chi feng,ka la qin
351,nei meng gu,chi feng,ning cheng
352,nei meng gu,chi feng,ao han
353,nei meng gu,hu lun bei er,hai la er
354,nei meng gu,hu lun bei er,zha lai nuo er
355,nei meng gu,hu lun bei er,man zhou li
356,nei meng gu,hu lun bei er,zha lan tun
357,nei meng gu,hu lun bei er,ya ke shi
358,nei meng gu,hu lun bei er,gen he
359,nei meng gu,hu lun bei er,e er gu na
360,nei meng gu,hu lun bei er,a rong
361,nei meng gu,hu lun bei er,mo li da wa da wo er zi zhi
362,nei meng gu,hu lun bei er,e lun chun zi zhi
363,nei meng gu,hu lun bei er,e wen ke zi zhi
364,nei meng gu,hu lun bei er,xin ba er hu you
365,nei meng gu,hu lun bei er,xin ba er hu zuo
366,nei meng gu,hu lun bei er,chen ba er hu
367,nei meng gu,xing an,wu lan hao te
368,nei meng gu,xing an,a er shan
369,nei meng gu,xing an,ke er qin you yi qian
370,nei meng gu,xing an,ke er qin you yi zhong
371,nei meng gu,xing an,zha lai te
372,nei meng gu,xing an,tu quan
373,nei meng gu,tong liao,ke er qin
374,nei meng gu,tong liao,huo lin guo le
375,nei meng gu,tong liao,ke er qin zuo yi zhong
376,nei meng gu,tong liao,ke er qin zuo yi hou
377,nei meng gu,tong liao,kai lu
378,nei meng gu,tong liao,ku lun
379,nei meng gu,tong liao,nai man
380,nei meng gu,tong liao,zha lu te
381,nei meng gu,xi lin guo le,er lian hao te
382,nei meng gu,xi lin guo le,xi lin hao te
383,nei meng gu,xi lin guo le,a ba ga
384,nei meng gu,xi lin guo le,su ni te zuo
385,nei meng gu,xi lin guo le,su ni te you
386,nei meng gu,xi lin guo le,dong wu zhu mu qin
387,nei meng gu,xi lin guo le,xi wu zhu mu qin
388,nei meng gu,xi lin guo le,tai pu si
389,nei meng gu,xi lin guo le,xiang huang
390,nei meng gu,xi lin guo le,zheng xiang bai
391,nei meng gu,xi lin guo le,zheng lan
392,nei meng gu,xi lin guo le,duo lun
393,nei meng gu,wu lan cha bu,ji ning
394,nei meng gu,wu lan cha bu,feng zhen
395,nei meng gu,wu lan cha bu,zhuo zi
396,nei meng gu,wu lan cha bu,hua de
397,nei meng gu,wu lan cha bu,shang du
398,nei meng gu,wu lan cha bu,xing he
399,nei meng gu,wu lan cha bu,liang cheng
400,nei meng gu,wu lan cha bu,cha ha er you yi qian
401,nei meng gu,wu lan cha bu,cha ha er you yi zhong
402,nei meng gu,wu lan cha bu,cha ha er you yi hou
403,nei meng gu,wu lan cha bu,si zi wang
404,nei meng gu,e er duo si,dong sheng
405,nei meng gu,e er duo si,kang ba shi
406,nei meng gu,e er duo si,da la te
407,nei meng gu,e er duo si,zhun ge er
408,nei meng gu,e er duo si,e tuo ke qian
409,nei meng gu,e er duo si,e tuo ke
410,nei meng gu,e er duo si,hang jin
411,nei meng gu,e er duo si,yi jin huo luo
412,nei meng gu,ba yan nao er,lin he
413,nei meng gu,ba yan nao er,wu yuan
414,nei meng gu,ba yan nao er,deng kou
415,nei meng gu,ba yan nao er,wu la te qian
416,nei meng gu,ba yan nao er,wu la te zhong
417,nei meng gu,ba yan nao er,wu la te hou
418,nei meng gu,ba yan nao er,hang jin hou
419,nei meng gu,a la shan,a la shan zuo
420,nei meng gu,a la shan,a la shan you
421,nei meng gu,a la shan,e ji na
422,liao ning,shen yang,he ping
423,liao ning,shen yang,shen he
424,liao ning,shen yang,da dong
425,liao ning,shen yang,huang gu
426,liao ning,shen yang,tie xi
427,liao ning,shen yang,su jia tun
428,liao ning,shen yang,hun nan
429,liao ning,shen yang,shen bei xin
430,liao ning,shen yang,yu hong
431,liao ning,shen yang,liao zhong
432,liao ning,shen yang,kang ping
433,liao ning,shen yang,fa ku
434,liao ning,shen yang,xin min
435,liao ning,da lian,zhong shan
436,liao ning,da lian,xi gang
437,liao ning,da lian,sha he kou
438,liao ning,da lian,gan jing zi
439,liao ning,da lian,lv shun kou
440,liao ning,da lian,jin zhou
441,liao ning,da lian,pu lan dian
442,liao ning,da lian,wa fang dian
443,liao ning,da lian,zhuang he
444,liao ning,da lian,chang hai
445,liao ning,an shan,tie dong
446,liao ning,an shan,tie xi
447,liao ning,an shan,li shan
448,liao ning,an shan,qian shan
449,liao ning,an shan,tai an
450,liao ning,an shan,xiu yan man
451,liao ning,an shan,hai cheng
452,liao ning,fu shun,xin fu
453,liao ning,fu shun,dong zhou
454,liao ning,fu shun,wang hua
455,liao ning,fu shun,shun cheng
456,liao ning,fu shun,fu shun
457,liao ning,fu shun,xin bin man
458,liao ning,fu shun,qing yuan man
459,liao ning,ben xi,ping shan
460,liao ning,ben xi,xi hu
461,liao ning,ben xi,ming shan
462,liao ning,ben xi,nan fen
463,liao ning,ben xi,ben xi man
464,liao ning,ben xi,huan ren man
465,liao ning,dan dong,yuan bao
466,liao ning,dan dong,zhen xing
467,liao ning,dan dong,zhen an
468,liao ning,dan dong,kuan dian man
469,liao ning,dan dong,dong gang
470,liao ning,dan dong,feng cheng
471,liao ning,jin zhou,gu ta
472,liao ning,jin zhou,ling he
473,liao ning,jin zhou,tai he
474,liao ning,jin zhou,hei shan
475,liao ning,jin zhou,yi
476,liao ning,jin zhou,ling hai
477,liao ning,jin zhou,bei zhen
478,liao ning,ying kou,zhan qian
479,liao ning,ying kou,xi
480,liao ning,ying kou,bo yu quan
481,liao ning,ying kou,lao bian
482,liao ning,ying kou,gai zhou
483,liao ning,ying kou,da shi qiao
484,liao ning,fu xin,hai zhou
485,liao ning,fu xin,xin qiu
486,liao ning,fu xin,tai ping
487,liao ning,fu xin,qing he men
488,liao ning,fu xin,xi he
489,liao ning,fu xin,fu xin meng gu
490,liao ning,fu xin,zhang wu
491,liao ning,liao yang,bai ta
492,liao ning,liao yang,wen sheng
493,liao ning,liao yang,hong wei
494,liao ning,liao yang,gong chang ling
495,liao ning,liao yang,tai zi he
496,liao ning,liao yang,liao yang
497,liao ning,liao yang,deng ta
498,liao ning,pan jin,shuang tai zi
499,liao ning,pan jin,xing long tai
500,liao ning,pan jin,da wa
501,liao ning,pan jin,pan shan
502,liao ning,tie ling,yin zhou
503,liao ning,tie ling,qing he
504,liao ning,tie ling,tie ling
505,liao ning,tie ling,xi feng
506,liao ning,tie ling,chang tu
507,liao ning,tie ling,diao bing shan
508,liao ning,tie ling,kai yuan
509,liao ning,zhao yang,shuang ta
510,liao ning,zhao yang,long cheng
511,liao ning,zhao yang,zhao yang
512,liao ning,zhao yang,jian ping
513,liao ning,zhao yang,ka la qin zuo yi meng gu
514,liao ning,zhao yang,bei piao
515,liao ning,zhao yang,ling yuan
516,liao ning,hu lu dao,lian shan
517,liao ning,hu lu dao,long gang
518,liao ning,hu lu dao,nan piao
519,liao ning,hu lu dao,sui zhong
520,liao ning,hu lu dao,jian chang
521,liao ning,hu lu dao,xing cheng
522,ji lin,chang chun,nan guan
523,ji lin,chang chun,kuan cheng
524,ji lin,chang chun,zhao yang
525,ji lin,chang chun,er dao
526,ji lin,chang chun,lv yuan
527,ji lin,chang chun,shuang yang
528,ji lin,chang chun,jiu tai
529,ji lin,chang chun,nong an
530,ji lin,chang chun,yu shu
531,ji lin,chang chun,de hui
532,ji lin,ji lin,chang yi
533,ji lin,ji lin,long tan
534,ji lin,ji lin,chuan ying
535,ji lin,ji lin,feng man
536,ji lin,ji lin,yong ji
537,ji lin,ji lin,jiao he
538,ji lin,ji lin,hua dian
539,ji lin,ji lin,shu lan
540,ji lin,ji lin,pan shi
541,ji lin,si ping,tie xi
542,ji lin,si ping,tie dong
543,ji lin,si ping,li shu
544,ji lin,si ping,yi tong man
545,ji lin,si ping,gong zhu ling
546,ji lin,si ping,shuang liao
547,ji lin,liao yuan,long shan
548,ji lin,liao yuan,xi an
549,ji lin,liao yuan,dong feng
550,ji lin,liao yuan,dong liao
551,ji lin,tong hua,dong chang
552,ji lin,tong hua,er dao jiang
553,ji lin,tong hua,tong hua
554,ji lin,tong hua,hui nan
555,ji lin,tong hua,liu he
556,ji lin,tong hua,mei he kou
557,ji lin,tong hua,ji an
558,ji lin,bai shan,hun jiang
559,ji lin,bai shan,jiang yuan
560,ji lin,bai shan,fu song
561,ji lin,bai shan,jing yu
562,ji lin,bai shan,chang bai zhao xian
563,ji lin,bai shan,lin jiang
564,ji lin,song yuan,ning jiang
565,ji lin,song yuan,qian guo er luo si meng gu
566,ji lin,song yuan,chang ling
567,ji lin,song yuan,gan an
568,ji lin,song yuan,fu yu
569,ji lin,bai cheng,tao bei
570,ji lin,bai cheng,zhen lai
571,ji lin,bai cheng,tong yu
572,ji lin,bai cheng,tao nan
573,ji lin,bai cheng,da an
574,ji lin,yan bian zhao xian,yan ji
575,ji lin,yan bian zhao xian,tu men
576,ji lin,yan bian zhao xian,dun hua
577,ji lin,yan bian zhao xian,hun chun
578,ji lin,yan bian zhao xian,long jing
579,ji lin,yan bian zhao xian,he long
580,ji lin,yan bian zhao xian,wang qing
581,ji lin,yan bian zhao xian,an tu
582,hei long jiang,ha er bin,dao li
583,hei long jiang,ha er bin,nan gang
584,hei long jiang,ha er bin,dao wai
585,hei long jiang,ha er bin,song bei
586,hei long jiang,ha er bin,xiang fang
587,hei long jiang,ha er bin,a cheng
588,hei long jiang,ha er bin,ping fang
589,hei long jiang,ha er bin,hu lan
590,hei long jiang,ha er bin,shuang cheng
591,hei long jiang,ha er bin,yi lan
592,hei long jiang,ha er bin,fang zheng
593,hei long jiang,ha er bin,bin
594,hei long jiang,ha er bin,ba yan
595,hei long jiang,ha er bin,mu lan
596,hei long jiang,ha er bin,tong he
597,hei long jiang,ha er bin,yan shou
598,hei long jiang,ha er bin,shang zhi
599,hei long jiang,ha er bin,wu chang
600,hei long jiang,qi qi ha er,long sha
601,hei long jiang,qi qi ha er,jian hua
602,hei long jiang,qi qi ha er,tie feng
603,hei long jiang,qi qi ha er,ang ang xi
604,hei long jiang,qi qi ha er,fu la er ji
605,hei long jiang,qi qi ha er,nian zi shan
606,hei long jiang,qi qi ha er,mei li si da wo er
607,hei long jiang,qi qi ha er,long jiang
608,hei long jiang,qi qi ha er,yi an
609,hei long jiang,qi qi ha er,tai lai
610,hei long jiang,qi qi ha er,gan nan
611,hei long jiang,qi qi ha er,fu yu
612,hei long jiang,qi qi ha er,ke shan
613,hei long jiang,qi qi ha er,ke dong
614,hei long jiang,qi qi ha er,bai quan
615,hei long jiang,qi qi ha er,ne he
616,hei long jiang,ji xi,ji guan
617,hei long jiang,ji xi,heng shan
618,hei long jiang,ji xi,di dao
619,hei long jiang,ji xi,li shu
620,hei long jiang,ji xi,cheng zi he
621,hei long jiang,ji xi,ma shan
622,hei long jiang,ji xi,ji dong
623,hei long jiang,ji xi,hu lin
624,hei long jiang,ji xi,mi shan
625,hei long jiang,he gang,xiang yang
626,hei long jiang,he gang,gong nong
627,hei long jiang,he gang,nan shan
628,hei long jiang,he gang,xing an
629,hei long jiang,he gang,dong shan
630,hei long jiang,he gang,xing shan
631,hei long jiang,he gang,luo bei
632,hei long jiang,he gang,sui bin
633,hei long jiang,shuang ya shan,jian shan
634,hei long jiang,shuang ya shan,ling dong
635,hei long jiang,shuang ya shan,si fang tai
636,hei long jiang,shuang ya shan,bao shan
637,hei long jiang,shuang ya shan,ji xian
638,hei long jiang,shuang ya shan,you yi
639,hei long jiang,shuang ya shan,bao qing
640,hei long jiang,shuang ya shan,rao he
641,hei long jiang,da qing,sa er tu
642,hei long jiang,da qing,long feng
643,hei long jiang,da qing,rang hu lu
644,hei long jiang,da qing,hong gang
645,hei long jiang,da qing,da tong
646,hei long jiang,da qing,zhao zhou
647,hei long jiang,da qing,zhao yuan
648,hei long jiang,da qing,lin dian
649,hei long jiang,da qing,du er bo te meng gu
650,hei long jiang,yi chun,yi chun
651,hei long jiang,yi chun,nan cha
652,hei long jiang,yi chun,you hao
653,hei long jiang,yi chun,xi lin
654,hei long jiang,yi chun,cui luan
655,hei long jiang,yi chun,xin qing
656,hei long jiang,yi chun,mei xi
657,hei long jiang,yi chun,jin shan tun
658,hei long jiang,yi chun,wu ying
659,hei long jiang,yi chun,wu ma he
660,hei long jiang,yi chun,tang wang he
661,hei long jiang,yi chun,dai ling
662,hei long jiang,yi chun,wu yi ling
663,hei long jiang,yi chun,hong xing
664,hei long jiang,yi chun,shang gan ling
665,hei long jiang,yi chun,jia yin
666,hei long jiang,yi chun,tie li
667,hei long jiang,jia mu si,xiang yang
668,hei long jiang,jia mu si,qian jin
669,hei long jiang,jia mu si,dong feng
670,hei long jiang,jia mu si,jiao
671,hei long jiang,jia mu si,hua nan
672,hei long jiang,jia mu si,hua chuan
673,hei long jiang,jia mu si,tang yuan
674,hei long jiang,jia mu si,fu yuan
675,hei long jiang,jia mu si,tong jiang
676,hei long jiang,jia mu si,fu jin
677,hei long jiang,qi tai he,xin xing
678,hei long jiang,qi tai he,tao shan
679,hei long jiang,qi tai he,qie zi he
680,hei long jiang,qi tai he,bo li
681,hei long jiang,mu dan jiang,dong an
682,hei long jiang,mu dan jiang,yang ming
683,hei long jiang,mu dan jiang,ai min
684,hei long jiang,mu dan jiang,xi an
685,hei long jiang,mu dan jiang,dong ning
686,hei long jiang,mu dan jiang,lin kou
687,hei long jiang,mu dan jiang,sui fen he
688,hei long jiang,mu dan jiang,hai lin
689,hei long jiang,mu dan jiang,ning an
690,hei long jiang,mu dan jiang,mu leng
691,hei long jiang,hei he,ai hui
692,hei long jiang,hei he,nen jiang
693,hei long jiang,hei he,xun ke
694,hei long jiang,hei he,sun wu
695,hei long jiang,hei he,bei an
696,hei long jiang,hei he,wu da lian chi
697,hei long jiang,sui hua,bei lin
698,hei long jiang,sui hua,an da
699,hei long jiang,sui hua,zhao dong
700,hei long jiang,sui hua,hai lun
701,hei long jiang,sui hua,wang kui
702,hei long jiang,sui hua,lan xi
703,hei long jiang,sui hua,qing gang
704,hei long jiang,sui hua,qing an
705,hei long jiang,sui hua,ming shui
706,hei long jiang,sui hua,sui leng
707,hei long jiang,da xing an ling di,hu ma
708,hei long jiang,da xing an ling di,ta he
709,hei long jiang,da xing an ling di,mo he
710,hei long jiang,da xing an ling di,jia ge da qi
711,hei long jiang,da xing an ling di,song ling
712,hei long jiang,da xing an ling di,xin lin
713,hei long jiang,da xing an ling di,hu zhong
714,shang hai,shang hai,huang pu
715,shang hai,shang hai,xu hui
716,shang hai,shang hai,chang ning
717,shang hai,shang hai,yang pu
718,shang hai,shang hai,hong kou
719,shang hai,shang hai,min xing
720,shang hai,shang hai,pu tuo
721,shang hai,shang hai,bao shan
722,shang hai,shang hai,jing an
723,shang hai,shang hai,song jiang
724,shang hai,shang hai,jia ding
725,shang hai,shang hai,jin shan
726,shang hai,shang hai,qing pu
727,shang hai,shang hai,feng xian
728,shang hai,shang hai,pu dong xin
729,shang hai,shang hai,chong ming
730,jiang su,nan jing,xuan wu
731,jiang su,nan jing,qin huai
732,jiang su,nan jing,jian ye
733,jiang su,nan jing,gu lou
734,jiang su,nan jing,pu kou
735,jiang su,nan jing,qi xia
736,jiang su,nan jing,yu hua tai
737,jiang su,nan jing,jiang ning
738,jiang su,nan jing,liu he
739,jiang su,nan jing,li shui
740,jiang su,nan jing,gao chun
741,jiang su,wu xi,bin hu
742,jiang su,wu xi,liang xi
743,jiang su,wu xi,xi shan
744,jiang su,wu xi,hui shan
745,jiang su,wu xi,xin wu
746,jiang su,wu xi,jiang yin
747,jiang su,wu xi,yi xing
748,jiang su,xu zhou,gu lou
749,jiang su,xu zhou,yun long
750,jiang su,xu zhou,jia wang
751,jiang su,xu zhou,quan shan
752,jiang su,xu zhou,tong shan
753,jiang su,xu zhou,feng
754,jiang su,xu zhou,pei
755,jiang su,xu zhou,sui ning
756,jiang su,xu zhou,xin yi
757,jiang su,xu zhou,pei zhou
758,jiang su,chang zhou,tian ning
759,jiang su,chang zhou,zhong lou
760,jiang su,chang zhou,xin bei
761,jiang su,chang zhou,wu jin
762,jiang su,chang zhou,jin tan
763,jiang su,chang zhou,li yang
764,jiang su,su zhou,gu su
765,jiang su,su zhou,hu qiu
766,jiang su,su zhou,wu zhong
767,jiang su,su zhou,xiang cheng
768,jiang su,su zhou,wu jiang
769,jiang su,su zhou,chang shu
770,jiang su,su zhou,zhang jia gang
771,jiang su,su zhou,kun shan
772,jiang su,su zhou,tai cang
773,jiang su,nan tong,chong chuan
774,jiang su,nan tong,gang zha
775,jiang su,nan tong,tong zhou
776,jiang su,nan tong,ru dong
777,jiang su,nan tong,hai an
778,jiang su,nan tong,qi dong
779,jiang su,nan tong,ru gao
780,jiang su,nan tong,hai men
781,jiang su,lian yun gang,lian yun
782,jiang su,lian yun gang,gan yu
783,jiang su,lian yun gang,xin pu
784,jiang su,lian yun gang,dong hai
785,jiang su,lian yun gang,guan yun
786,jiang su,lian yun gang,guan nan
787,jiang su,huai an,huai an
788,jiang su,huai an,qing jiang pu
789,jiang su,huai an,huai yin
790,jiang su,huai an,hong ze
791,jiang su,huai an,lian shui
792,jiang su,huai an,xu chi
793,jiang su,huai an,jin hu
794,jiang su,yan cheng,ting hu
795,jiang su,yan cheng,da feng
796,jiang su,yan cheng,yan du
797,jiang su,yan cheng,xiang shui
798,jiang su,yan cheng,bin hai
799,jiang su,yan cheng,fu ning
800,jiang su,yan cheng,she yang
801,jiang su,yan cheng,jian hu
802,jiang su,yan cheng,dong tai
803,jiang su,yang zhou,guang ling
804,jiang su,yang zhou,jiang du
805,jiang su,yang zhou,han jiang
806,jiang su,yang zhou,bao ying
807,jiang su,yang zhou,yi zheng
808,jiang su,yang zhou,gao you
809,jiang su,zhen jiang,jing kou
810,jiang su,zhen jiang,run zhou
811,jiang su,zhen jiang,dan tu
812,jiang su,zhen jiang,dan yang
813,jiang su,zhen jiang,yang zhong
814,jiang su,zhen jiang,ju rong
815,jiang su,tai zhou,hai ling
816,jiang su,tai zhou,gao gang
817,jiang su,tai zhou,jiang yan
818,jiang su,tai zhou,xing hua
819,jiang su,tai zhou,jing jiang
820,jiang su,tai zhou,tai xing
821,jiang su,su qian,su cheng
822,jiang su,su qian,su yu
823,jiang su,su qian,shu yang
824,jiang su,su qian,si yang
825,jiang su,su qian,si hong
826,zhe jiang,hang zhou,shang cheng
827,zhe jiang,hang zhou,xia cheng
828,zhe jiang,hang zhou,jiang gan
829,zhe jiang,hang zhou,gong shu
830,zhe jiang,hang zhou,xi hu
831,zhe jiang,hang zhou,bin jiang
832,zhe jiang,hang zhou,yu hang
833,zhe jiang,hang zhou,fu yang
834,zhe jiang,hang zhou,xiao shan
835,zhe jiang,hang zhou,tong lu
836,zhe jiang,hang zhou,chun an
837,zhe jiang,hang zhou,jian de
838,zhe jiang,hang zhou,lin an
839,zhe jiang,ning bo,hai shu
840,zhe jiang,ning bo,jiang bei
841,zhe jiang,ning bo,bei lun
842,zhe jiang,ning bo,zhen hai
843,zhe jiang,ning bo,yin zhou
844,zhe jiang,ning bo,feng hua
845,zhe jiang,ning bo,xiang shan
846,zhe jiang,ning bo,ning hai
847,zhe jiang,ning bo,yu yao
848,zhe jiang,ning bo,ci xi
849,zhe jiang,wen zhou,lu cheng
850,zhe jiang,wen zhou,long wan
851,zhe jiang,wen zhou,ou hai
852,zhe jiang,wen zhou,dong tou
853,zhe jiang,wen zhou,yong jia
854,zhe jiang,wen zhou,ping yang
855,zhe jiang,wen zhou,cang nan
856,zhe jiang,wen zhou,wen cheng
857,zhe jiang,wen zhou,tai shun
858,zhe jiang,wen zhou,rui an
859,zhe jiang,wen zhou,le qing
860,zhe jiang,jia xing,nan hu
861,zhe jiang,jia xing,xiu zhou
862,zhe jiang,jia xing,jia shan
863,zhe jiang,jia xing,hai yan
864,zhe jiang,jia xing,hai ning
865,zhe jiang,jia xing,ping hu
866,zhe jiang,jia xing,tong xiang
867,zhe jiang,hu zhou,wu xing
868,zhe jiang,hu zhou,nan xun
869,zhe jiang,hu zhou,de qing
870,zhe jiang,hu zhou,chang xing
871,zhe jiang,hu zhou,an ji
872,zhe jiang,shao xing,yue cheng
873,zhe jiang,shao xing,ke qiao
874,zhe jiang,shao xing,shang yu
875,zhe jiang,shao xing,xin chang
876,zhe jiang,shao xing,zhu ji
877,zhe jiang,shao xing,sheng zhou
878,zhe jiang,jin hua,wu cheng
879,zhe jiang,jin hua,jin dong
880,zhe jiang,jin hua,wu yi
881,zhe jiang,jin hua,pu jiang
882,zhe jiang,jin hua,pan an
883,zhe jiang,jin hua,lan xi
884,zhe jiang,jin hua,yi wu
885,zhe jiang,jin hua,dong yang
886,zhe jiang,jin hua,yong kang
887,zhe jiang,qu zhou,ke cheng
888,zhe jiang,qu zhou,qu jiang
889,zhe jiang,qu zhou,chang shan
890,zhe jiang,qu zhou,kai hua
891,zhe jiang,qu zhou,long you
892,zhe jiang,qu zhou,jiang shan
893,zhe jiang,zhou shan,ding hai
894,zhe jiang,zhou shan,pu tuo
895,zhe jiang,zhou shan,dai shan
896,zhe jiang,zhou shan,sheng si
897,zhe jiang,tai zhou,jiao jiang
898,zhe jiang,tai zhou,huang yan
899,zhe jiang,tai zhou,lu qiao
900,zhe jiang,tai zhou,yu huan
901,zhe jiang,tai zhou,san men
902,zhe jiang,tai zhou,tian tai
903,zhe jiang,tai zhou,xian ju
904,zhe jiang,tai zhou,wen ling
905,zhe jiang,tai zhou,lin hai
906,zhe jiang,li shui,lian du
907,zhe jiang,li shui,long quan
908,zhe jiang,li shui,qing tian
909,zhe jiang,li shui,yun he
910,zhe jiang,li shui,qing yuan
911,zhe jiang,li shui,jin yun
912,zhe jiang,li shui,sui chang
913,zhe jiang,li shui,song yang
914,zhe jiang,li shui,jing ning yu
915,an hui,he fei,bao he
916,an hui,he fei,shu shan
917,an hui,he fei,lu yang
918,an hui,he fei,yao hai
919,an hui,he fei,lu jiang
920,an hui,he fei,chang feng
921,an hui,he fei,fei dong
922,an hui,he fei,fei xi
923,an hui,he fei,chao hu
924,an hui,wu hu,jing hu
925,an hui,wu hu,yi jiang
926,an hui,wu hu,san shan
927,an hui,wu hu,jiu jiang
928,an hui,wu hu,wu hu
929,an hui,wu hu,fan chang
930,an hui,wu hu,wu wei
931,an hui,wu hu,nan ling
932,an hui,bang bu,long zi hu
933,an hui,bang bu,bang shan
934,an hui,bang bu,yu hui
935,an hui,bang bu,huai shang
936,an hui,bang bu,huai yuan
937,an hui,bang bu,wu he
938,an hui,bang bu,gu zhen
939,an hui,huai nan,da tong
940,an hui,huai nan,tian jia an
941,an hui,huai nan,xie jia ji
942,an hui,huai nan,ba gong shan
943,an hui,huai nan,pan ji
944,an hui,huai nan,shou
945,an hui,huai nan,feng tai
946,an hui,ma an shan,bo wang
947,an hui,ma an shan,hua shan
948,an hui,ma an shan,yu shan
949,an hui,ma an shan,he
950,an hui,ma an shan,han shan
951,an hui,ma an shan,dang tu
952,an hui,huai bei,du ji
953,an hui,huai bei,xiang shan
954,an hui,huai bei,lie shan
955,an hui,huai bei,sui xi
956,an hui,tong ling,tong guan
957,an hui,tong ling,yi an
958,an hui,tong ling,jiao
959,an hui,tong ling,cong yang
960,an hui,an qing,ying jiang
961,an hui,an qing,da guan
962,an hui,an qing,yi xiu
963,an hui,an qing,huai ning
964,an hui,an qing,qian shan
965,an hui,an qing,tai hu
966,an hui,an qing,su song
967,an hui,an qing,wang jiang
968,an hui,an qing,yue xi
969,an hui,an qing,tong cheng
970,an hui,huang shan,tun xi
971,an hui,huang shan,huang shan
972,an hui,huang shan,hui zhou
973,an hui,huang shan,xi
974,an hui,huang shan,xiu ning
975,an hui,huang shan,yi
976,an hui,huang shan,qi men
977,an hui,chu zhou,lang ye
978,an hui,chu zhou,nan qiao
979,an hui,chu zhou,lai an
980,an hui,chu zhou,quan jiao
981,an hui,chu zhou,ding yuan
982,an hui,chu zhou,feng yang
983,an hui,chu zhou,tian chang
984,an hui,chu zhou,ming guang
985,an hui,fu yang,ying zhou
986,an hui,fu yang,ying dong
987,an hui,fu yang,ying quan
988,an hui,fu yang,lin quan
989,an hui,fu yang,tai he
990,an hui,fu yang,fu nan
991,an hui,fu yang,ying shang
992,an hui,fu yang,jie shou
993,an hui,su zhou,yong qiao
994,an hui,su zhou,dang shan
995,an hui,su zhou,xiao
996,an hui,su zhou,ling bi
997,an hui,su zhou,si
998,an hui,liu an,jin an
999,an hui,liu an,yu an
1000,an hui,liu an,ye ji
1001,an hui,liu an,huo qiu
1002,an hui,liu an,shu cheng
1003,an hui,liu an,jin zhai
1004,an hui,liu an,huo shan
1005,an hui,xuan cheng,xuan zhou
1006,an hui,xuan cheng,ning guo
1007,an hui,xuan cheng,lang xi
1008,an hui,xuan cheng,guang de
1009,an hui,xuan cheng,jing
1010,an hui,xuan cheng,jing de
1011,an hui,xuan cheng,ji xi
1012,an hui,bo zhou,qiao cheng
1013,an hui,bo zhou,wo yang
1014,an hui,bo zhou,meng cheng
1015,an hui,bo zhou,li xin
1016,an hui,chi zhou,gui chi
1017,an hui,chi zhou,dong zhi
1018,an hui,chi zhou,shi tai
1019,an hui,chi zhou,qing yang
1020,fu jian,fu zhou,gu lou
1021,fu jian,fu zhou,tai jiang
1022,fu jian,fu zhou,cang shan
1023,fu jian,fu zhou,ma wei
1024,fu jian,fu zhou,jin an
1025,fu jian,fu zhou,min hou
1026,fu jian,fu zhou,lian jiang
1027,fu jian,fu zhou,luo yuan
1028,fu jian,fu zhou,min qing
1029,fu jian,fu zhou,yong tai
1030,fu jian,fu zhou,ping tan
1031,fu jian,fu zhou,fu qing
1032,fu jian,fu zhou,chang le
1033,fu jian,sha men,si ming ??
1034,fu jian,sha men,hai cang
1035,fu jian,sha men,hu li
1036,fu jian,sha men,ji mei
1037,fu jian,sha men,tong an
1038,fu jian,sha men,xiang an
1039,fu jian,ning de,jiao cheng
1040,fu jian,ning de,xia pu
1041,fu jian,ning de,gu tian
1042,fu jian,ning de,ping nan
1043,fu jian,ning de,shou ning
1044,fu jian,ning de,zhou ning
1045,fu jian,ning de,zhe rong
1046,fu jian,ning de,fu an
1047,fu jian,ning de,fu ding
1048,fu jian,fu tian,cheng xiang
1049,fu jian,fu tian,han jiang
1050,fu jian,fu tian,li cheng
1051,fu jian,fu tian,xiu yu
1052,fu jian,fu tian,xian you
1053,fu jian,quan zhou,li cheng
1054,fu jian,quan zhou,feng ze
1055,fu jian,quan zhou,luo jiang
1056,fu jian,quan zhou,quan gang
1057,fu jian,quan zhou,hui an
1058,fu jian,quan zhou,an xi
1059,fu jian,quan zhou,yong chun
1060,fu jian,quan zhou,de hua
1061,fu jian,quan zhou,jin men
1062,fu jian,quan zhou,shi shi
1063,fu jian,quan zhou,jin jiang
1064,fu jian,quan zhou,nan an
1065,fu jian,zhang zhou,xiang cheng
1066,fu jian,zhang zhou,long wen
1067,fu jian,zhang zhou,yun xiao
1068,fu jian,zhang zhou,zhang pu
1069,fu jian,zhang zhou,zhao an
1070,fu jian,zhang zhou,chang tai
1071,fu jian,zhang zhou,dong shan
1072,fu jian,zhang zhou,nan jing
1073,fu jian,zhang zhou,ping he
1074,fu jian,zhang zhou,hua an
1075,fu jian,zhang zhou,long hai
1076,fu jian,long yan,xin luo
1077,fu jian,long yan,yong ding
1078,fu jian,long yan,chang ting
1079,fu jian,long yan,shang hang
1080,fu jian,long yan,wu ping
1081,fu jian,long yan,lian cheng
1082,fu jian,long yan,zhang ping
1083,fu jian,san ming,mei lie
1084,fu jian,san ming,san yuan
1085,fu jian,san ming,ming xi
1086,fu jian,san ming,qing liu
1087,fu jian,san ming,ning hua
1088,fu jian,san ming,da tian
1089,fu jian,san ming,you xi
1090,fu jian,san ming,sha
1091,fu jian,san ming,jiang le
1092,fu jian,san ming,tai ning
1093,fu jian,san ming,jian ning
1094,fu jian,san ming,yong an
1095,fu jian,nan ping,yan ping
1096,fu jian,nan ping,jian yang
1097,fu jian,nan ping,shun chang
1098,fu jian,nan ping,pu cheng
1099,fu jian,nan ping,guang ze
1100,fu jian,nan ping,song xi
1101,fu jian,nan ping,zheng he
1102,fu jian,nan ping,shao wu
1103,fu jian,nan ping,wu yi shan
1104,fu jian,nan ping,jian ou
1105,jiang xi,nan chang,dong hu
1106,jiang xi,nan chang,xi hu
1107,jiang xi,nan chang,qing yun pu
1108,jiang xi,nan chang,wan li
1109,jiang xi,nan chang,qing shan hu
1110,jiang xi,nan chang,xin jian
1111,jiang xi,nan chang,nan chang
1112,jiang xi,nan chang,an yi
1113,jiang xi,nan chang,jin xian
1114,jiang xi,jing de zhen,chang jiang
1115,jiang xi,jing de zhen,zhu shan
1116,jiang xi,jing de zhen,fu liang
1117,jiang xi,jing de zhen,le ping
1118,jiang xi,ping xiang,an yuan
1119,jiang xi,ping xiang,xiang dong
1120,jiang xi,ping xiang,lian hua
1121,jiang xi,ping xiang,shang li
1122,jiang xi,ping xiang,lu xi
1123,jiang xi,jiu jiang,lian xi
1124,jiang xi,jiu jiang,xun yang
1125,jiang xi,jiu jiang,jiu jiang
1126,jiang xi,jiu jiang,wu ning
1127,jiang xi,jiu jiang,xiu shui
1128,jiang xi,jiu jiang,yong xiu
1129,jiang xi,jiu jiang,de an
1130,jiang xi,jiu jiang,du chang
1131,jiang xi,jiu jiang,hu kou
1132,jiang xi,jiu jiang,peng ze
1133,jiang xi,jiu jiang,rui chang
1134,jiang xi,jiu jiang,gong qing cheng
1135,jiang xi,jiu jiang,lu shan
1136,jiang xi,xin yu,yu shui
1137,jiang xi,xin yu,fen yi
1138,jiang xi,ying tan,yue hu
1139,jiang xi,ying tan,yu jiang
1140,jiang xi,ying tan,gui xi
1141,jiang xi,gan zhou,zhang gong
1142,jiang xi,gan zhou,nan kang
1143,jiang xi,gan zhou,gan
1144,jiang xi,gan zhou,xin feng
1145,jiang xi,gan zhou,da yu
1146,jiang xi,gan zhou,shang you
1147,jiang xi,gan zhou,chong yi
1148,jiang xi,gan zhou,an yuan
1149,jiang xi,gan zhou,long nan
1150,jiang xi,gan zhou,ding nan
1151,jiang xi,gan zhou,quan nan
1152,jiang xi,gan zhou,ning du
1153,jiang xi,gan zhou,yu du
1154,jiang xi,gan zhou,xing guo
1155,jiang xi,gan zhou,hui chang
1156,jiang xi,gan zhou,xun wu
1157,jiang xi,gan zhou,shi cheng
1158,jiang xi,gan zhou,rui jin
1159,jiang xi,yi chun,yuan zhou
1160,jiang xi,yi chun,feng cheng
1161,jiang xi,yi chun,zhang shu
1162,jiang xi,yi chun,gao an
1163,jiang xi,yi chun,feng xin
1164,jiang xi,yi chun,wan zai
1165,jiang xi,yi chun,shang gao
1166,jiang xi,yi chun,yi feng
1167,jiang xi,yi chun,jing an
1168,jiang xi,yi chun,tong gu
1169,jiang xi,shang rao,xin zhou
1170,jiang xi,shang rao,guang feng
1171,jiang xi,shang rao,shang rao
1172,jiang xi,shang rao,yu shan
1173,jiang xi,shang rao,qian shan
1174,jiang xi,shang rao,heng feng
1175,jiang xi,shang rao,yi yang
1176,jiang xi,shang rao,yu gan
1177,jiang xi,shang rao,bo yang
1178,jiang xi,shang rao,wan nian
1179,jiang xi,shang rao,wu yuan
1180,jiang xi,shang rao,de xing
1181,jiang xi,ji an,ji zhou
1182,jiang xi,ji an,qing yuan
1183,jiang xi,ji an,jing gang shan
1184,jiang xi,ji an,ji an
1185,jiang xi,ji an,ji shui
1186,jiang xi,ji an,xia jiang
1187,jiang xi,ji an,xin gan
1188,jiang xi,ji an,yong feng
1189,jiang xi,ji an,tai he
1190,jiang xi,ji an,sui chuan
1191,jiang xi,ji an,wan an
1192,jiang xi,ji an,an fu
1193,jiang xi,ji an,yong xin
1194,jiang xi,fu zhou,lin chuan
1195,jiang xi,fu zhou,nan cheng
1196,jiang xi,fu zhou,li chuan
1197,jiang xi,fu zhou,nan feng
1198,jiang xi,fu zhou,chong ren
1199,jiang xi,fu zhou,le an
1200,jiang xi,fu zhou,yi huang
1201,jiang xi,fu zhou,jin xi
1202,jiang xi,fu zhou,zi xi
1203,jiang xi,fu zhou,dong xiang
1204,jiang xi,fu zhou,guang chang
1205,shan dong,ji nan,li xia
1206,shan dong,ji nan,zhong
1207,shan dong,ji nan,huai yin
1208,shan dong,ji nan,tian qiao
1209,shan dong,ji nan,li cheng
1210,shan dong,ji nan,chang qing
1211,shan dong,ji nan,zhang qiu
1212,shan dong,ji nan,ji yang
1213,shan dong,ji nan,shang he
1214,shan dong,ji nan,ping yin
1215,shan dong,qing dao,nan
1216,shan dong,qing dao,bei
1217,shan dong,qing dao,huang dao
1218,shan dong,qing dao,lao shan
1219,shan dong,qing dao,li cang
1220,shan dong,qing dao,cheng yang
1221,shan dong,qing dao,xiao zhou
1222,shan dong,qing dao,ji mo
1223,shan dong,qing dao,ping du
1224,shan dong,qing dao,lai xi
1225,shan dong,zi bo,zi chuan
1226,shan dong,zi bo,zhang dian
1227,shan dong,zi bo,bo shan
1228,shan dong,zi bo,lin zi
1229,shan dong,zi bo,zhou cun
1230,shan dong,zi bo,huan tai
1231,shan dong,zi bo,gao qing
1232,shan dong,zi bo,yi yuan
1233,shan dong,zao zhuang,zhong
1234,shan dong,zao zhuang,xue cheng
1235,shan dong,zao zhuang,yi cheng
1236,shan dong,zao zhuang,tai er zhuang
1237,shan dong,zao zhuang,shan ting
1238,shan dong,zao zhuang,teng zhou
1239,shan dong,dong ying,dong ying
1240,shan dong,dong ying,he kou
1241,shan dong,dong ying,ken li
1242,shan dong,dong ying,li jin
1243,shan dong,dong ying,guang rao
1244,shan dong,yan tai,zhi fu
1245,shan dong,yan tai,fu shan
1246,shan dong,yan tai,mou ping
1247,shan dong,yan tai,lai shan
1248,shan dong,yan tai,chang dao
1249,shan dong,yan tai,long kou
1250,shan dong,yan tai,lai yang
1251,shan dong,yan tai,lai zhou
1252,shan dong,yan tai,peng lai
1253,shan dong,yan tai,zhao yuan
1254,shan dong,yan tai,qi xia
1255,shan dong,yan tai,hai yang
1256,shan dong,wei fang,wei cheng
1257,shan dong,wei fang,han ting
1258,shan dong,wei fang,fang zi
1259,shan dong,wei fang,kui wen
1260,shan dong,wei fang,lin qu
1261,shan dong,wei fang,chang le
1262,shan dong,wei fang,qing zhou
1263,shan dong,wei fang,zhu cheng
1264,shan dong,wei fang,shou guang
1265,shan dong,wei fang,an qiu
1266,shan dong,wei fang,gao mi
1267,shan dong,wei fang,chang yi
1268,shan dong,ji ning,yan zhou
1269,shan dong,ji ning,ren cheng
1270,shan dong,ji ning,wei shan
1271,shan dong,ji ning,yu tai
1272,shan dong,ji ning,jin xiang
1273,shan dong,ji ning,jia xiang
1274,shan dong,ji ning,wen shang
1275,shan dong,ji ning,si shui
1276,shan dong,ji ning,liang shan
1277,shan dong,ji ning,qu fu
1278,shan dong,ji ning,zou cheng
1279,shan dong,tai an,tai shan
1280,shan dong,tai an,dai yue
1281,shan dong,tai an,ning yang
1282,shan dong,tai an,dong ping
1283,shan dong,tai an,xin tai
1284,shan dong,tai an,fei cheng
1285,shan dong,wei hai,huan cui
1286,shan dong,wei hai,wen deng
1287,shan dong,wei hai,rong cheng
1288,shan dong,wei hai,ru shan
1289,shan dong,ri zhao,dong gang
1290,shan dong,ri zhao,lan shan
1291,shan dong,ri zhao,wu lian
1292,shan dong,ri zhao,ju
1293,shan dong,lai wu,lai cheng
1294,shan dong,lai wu,gang cheng
1295,shan dong,lin yi,lan shan
1296,shan dong,lin yi,luo zhuang
1297,shan dong,lin yi,he dong
1298,shan dong,lin yi,yi nan
1299,shan dong,lin yi,tan cheng
1300,shan dong,lin yi,yi shui
1301,shan dong,lin yi,cang shan
1302,shan dong,lin yi,fei
1303,shan dong,lin yi,ping yi
1304,shan dong,lin yi,ju nan
1305,shan dong,lin yi,meng yin
1306,shan dong,lin yi,lin shu
1307,shan dong,de zhou,de cheng
1308,shan dong,de zhou,ling cheng
1309,shan dong,de zhou,ning jin
1310,shan dong,de zhou,qing yun
1311,shan dong,de zhou,lin yi
1312,shan dong,de zhou,qi he
1313,shan dong,de zhou,ping yuan
1314,shan dong,de zhou,xia jin
1315,shan dong,de zhou,wu cheng
1316,shan dong,de zhou,le ling
1317,shan dong,de zhou,yu cheng
1318,shan dong,liao cheng,dong chang fu
1319,shan dong,liao cheng,yang gu
1320,shan dong,liao cheng,shen
1321,shan dong,liao cheng,chi ping
1322,shan dong,liao cheng,dong a
1323,shan dong,liao cheng,guan
1324,shan dong,liao cheng,gao tang
1325,shan dong,liao cheng,lin qing
1326,shan dong,bin zhou,bin cheng
1327,shan dong,bin zhou,zhan hua
1328,shan dong,bin zhou,hui min
1329,shan dong,bin zhou,yang xin
1330,shan dong,bin zhou,wu di
1331,shan dong,bin zhou,bo xing
1332,shan dong,bin zhou,zou ping
1333,shan dong,he ze,mu dan
1334,shan dong,he ze,cao
1335,shan dong,he ze,ding tao
1336,shan dong,he ze,cheng wu
1337,shan dong,he ze,dan
1338,shan dong,he ze,ju ye
1339,shan dong,he ze,yun cheng
1340,shan dong,he ze,juan cheng
1341,shan dong,he ze,dong ming
1342,he nan,zheng zhou,zhong yuan
1343,he nan,zheng zhou,er qi
1344,he nan,zheng zhou,guan cheng hui
1345,he nan,zheng zhou,jin shui
1346,he nan,zheng zhou,shang jie
1347,he nan,zheng zhou,hui ji
1348,he nan,zheng zhou,zhong mou
1349,he nan,zheng zhou,gong yi
1350,he nan,zheng zhou,ying yang
1351,he nan,zheng zhou,xin mi
1352,he nan,zheng zhou,xin zheng
1353,he nan,zheng zhou,deng feng
1354,he nan,kai feng,long ting
1355,he nan,kai feng,shun he hui
1356,he nan,kai feng,gu lou
1357,he nan,kai feng,yu wang tai
1358,he nan,kai feng,xiang fu
1359,he nan,kai feng,qi
1360,he nan,kai feng,tong xu
1361,he nan,kai feng,wei shi
1362,he nan,kai feng,lan kao
1363,he nan,luo yang,lao cheng
1364,he nan,luo yang,xi gong
1365,he nan,luo yang,chan he hui
1366,he nan,luo yang,jian xi
1367,he nan,luo yang,ji li
1368,he nan,luo yang,luo long
1369,he nan,luo yang,meng jin
1370,he nan,luo yang,xin an
1371,he nan,luo yang,luan chuan
1372,he nan,luo yang,song
1373,he nan,luo yang,ru yang
1374,he nan,luo yang,yi yang
1375,he nan,luo yang,luo ning
1376,he nan,luo yang,yi chuan
1377,he nan,luo yang,yan shi
1378,he nan,ping ding shan,xin hua
1379,he nan,ping ding shan,wei dong
1380,he nan,ping ding shan,shi long
1381,he nan,ping ding shan,zhan he
1382,he nan,ping ding shan,bao feng
1383,he nan,ping ding shan,ye
1384,he nan,ping ding shan,lu shan
1385,he nan,ping ding shan,jia
1386,he nan,ping ding shan,wu gang
1387,he nan,ping ding shan,ru zhou
1388,he nan,an yang,wen feng
1389,he nan,an yang,bei guan
1390,he nan,an yang,yin du
1391,he nan,an yang,long an
1392,he nan,an yang,an yang
1393,he nan,an yang,tang yin
1394,he nan,an yang,hua
1395,he nan,an yang,nei huang
1396,he nan,an yang,lin zhou
1397,he nan,he bi,he shan
1398,he nan,he bi,shan cheng
1399,he nan,he bi,qi bin
1400,he nan,he bi,jun
1401,he nan,he bi,qi
1402,he nan,xin xiang,hong
1403,he nan,xin xiang,wei bin
1404,he nan,xin xiang,feng quan
1405,he nan,xin xiang,mu ye
1406,he nan,xin xiang,xin xiang
1407,he nan,xin xiang,huo jia
1408,he nan,xin xiang,yuan yang
1409,he nan,xin xiang,yan jin
1410,he nan,xin xiang,feng qiu
1411,he nan,xin xiang,chang yuan
1412,he nan,xin xiang,wei hui
1413,he nan,xin xiang,hui
1414,he nan,jiao zuo,jie fang
1415,he nan,jiao zuo,zhong zhan
1416,he nan,jiao zuo,ma cun
1417,he nan,jiao zuo,shan yang
1418,he nan,jiao zuo,xiu wu
1419,he nan,jiao zuo,bo ai
1420,he nan,jiao zuo,wu zhi
1421,he nan,jiao zuo,wen
1422,he nan,jiao zuo,qin yang
1423,he nan,jiao zuo,meng zhou
1424,he nan,pu yang,hua long
1425,he nan,pu yang,qing feng
1426,he nan,pu yang,nan le
1427,he nan,pu yang,fan
1428,he nan,pu yang,tai qian
1429,he nan,pu yang,pu yang
1430,he nan,xu chang,wei du
1431,he nan,xu chang,jian an
1432,he nan,xu chang,yan ling
1433,he nan,xu chang,xiang cheng
1434,he nan,xu chang,yu zhou
1435,he nan,xu chang,chang ge
1436,he nan,ta he,yuan hui
1437,he nan,ta he,yan cheng
1438,he nan,ta he,zhao ling
1439,he nan,ta he,wu yang
1440,he nan,ta he,lin ying
1441,he nan,san men xia,hu bin
1442,he nan,san men xia,shan zhou
1443,he nan,san men xia,min chi
1444,he nan,san men xia,lu shi
1445,he nan,san men xia,yi ma
1446,he nan,san men xia,ling bao
1447,he nan,nan yang,wan cheng
1448,he nan,nan yang,wo long
1449,he nan,nan yang,nan zhao
1450,he nan,nan yang,fang cheng
1451,he nan,nan yang,xi xia
1452,he nan,nan yang,zhen ping
1453,he nan,nan yang,nei xiang
1454,he nan,nan yang,xi chuan
1455,he nan,nan yang,she
1456,he nan,nan yang,tang he
1457,he nan,nan yang,xin ye
1458,he nan,nan yang,tong bai
1459,he nan,nan yang,deng zhou
1460,he nan,shang qiu,liang yuan
1461,he nan,shang qiu,sui yang
1462,he nan,shang qiu,min quan
1463,he nan,shang qiu,sui
1464,he nan,shang qiu,ning ling
1465,he nan,shang qiu,zhe cheng
1466,he nan,shang qiu,yu cheng
1467,he nan,shang qiu,xia yi
1468,he nan,shang qiu,yong cheng
1469,he nan,xin yang,shi he
1470,he nan,xin yang,ping qiao
1471,he nan,xin yang,luo shan
1472,he nan,xin yang,guang shan
1473,he nan,xin yang,xin
1474,he nan,xin yang,shang cheng
1475,he nan,xin yang,gu shi
1476,he nan,xin yang,huang chuan
1477,he nan,xin yang,huai bin
1478,he nan,xin yang,xi
1479,he nan,zhou kou,chuan hui
1480,he nan,zhou kou,xiang cheng
1481,he nan,zhou kou,fu gou
1482,he nan,zhou kou,xi hua
1483,he nan,zhou kou,shang shui
1484,he nan,zhou kou,tai kang
1485,he nan,zhou kou,lu yi
1486,he nan,zhou kou,dan cheng
1487,he nan,zhou kou,huai yang
1488,he nan,zhou kou,shen qiu
1489,he nan,zhu ma dian di,yi cheng
1490,he nan,zhu ma dian di,que shan
1491,he nan,zhu ma dian di,mi yang
1492,he nan,zhu ma dian di,sui ping
1493,he nan,zhu ma dian di,xi ping
1494,he nan,zhu ma dian di,shang cai
1495,he nan,zhu ma dian di,ru nan
1496,he nan,zhu ma dian di,ping yu
1497,he nan,zhu ma dian di,xin cai
1498,he nan,zhu ma dian di,zheng yang
1499,he nan,zhi xia dan wei,ji yuan
1500,hu bei,wu han,jiang an
1501,hu bei,wu han,jiang han
1502,hu bei,wu han,qiao kou
1503,hu bei,wu han,han yang
1504,hu bei,wu han,wu chang
1505,hu bei,wu han,qing shan
1506,hu bei,wu han,hong shan
1507,hu bei,wu han,dong xi hu
1508,hu bei,wu han,han nan
1509,hu bei,wu han,cai dian
1510,hu bei,wu han,jiang xia
1511,hu bei,wu han,huang bei
1512,hu bei,wu han,xin zhou
1513,hu bei,huang shi,huang shi gang
1514,hu bei,huang shi,xi sai shan
1515,hu bei,huang shi,xia lu
1516,hu bei,huang shi,tie shan
1517,hu bei,huang shi,yang xin
1518,hu bei,huang shi,da ye
1519,hu bei,shi yan,mao jian
1520,hu bei,shi yan,zhang wan
1521,hu bei,shi yan,yun yang
1522,hu bei,shi yan,yun xi
1523,hu bei,shi yan,zhu shan
1524,hu bei,shi yan,zhu xi
1525,hu bei,shi yan,fang
1526,hu bei,shi yan,dan jiang kou
1527,hu bei,yi chang,xi ling
1528,hu bei,yi chang,wu jia gang
1529,hu bei,yi chang,dian jun
1530,hu bei,yi chang,yao ting
1531,hu bei,yi chang,yi ling
1532,hu bei,yi chang,yuan an
1533,hu bei,yi chang,xing shan
1534,hu bei,yi chang,zi gui
1535,hu bei,yi chang,chang yang tu jia
1536,hu bei,yi chang,wu feng tu jia
1537,hu bei,yi chang,yi du
1538,hu bei,yi chang,dang yang
1539,hu bei,yi chang,zhi jiang
1540,hu bei,xiang yang,xiang cheng
1541,hu bei,xiang yang,fan cheng
1542,hu bei,xiang yang,xiang zhou
1543,hu bei,xiang yang,nan zhang
1544,hu bei,xiang yang,gu cheng
1545,hu bei,xiang yang,bao kang
1546,hu bei,xiang yang,lao he kou
1547,hu bei,xiang yang,zao yang
1548,hu bei,xiang yang,yi cheng
1549,hu bei,e zhou,liang zi hu
1550,hu bei,e zhou,hua rong
1551,hu bei,e zhou,e cheng
1552,hu bei,jing men,dong bao
1553,hu bei,jing men,duo dao
1554,hu bei,jing men,jing shan
1555,hu bei,jing men,sha yang
1556,hu bei,jing men,zhong xiang
1557,hu bei,xiao gan,xiao nan
1558,hu bei,xiao gan,xiao chang
1559,hu bei,xiao gan,da wu
1560,hu bei,xiao gan,yun meng
1561,hu bei,xiao gan,ying cheng
1562,hu bei,xiao gan,an lu
1563,hu bei,xiao gan,han chuan
1564,hu bei,jing zhou,sha
1565,hu bei,jing zhou,jing zhou
1566,hu bei,jing zhou,gong an
1567,hu bei,jing zhou,jian li
1568,hu bei,jing zhou,jiang ling
1569,hu bei,jing zhou,shi shou
1570,hu bei,jing zhou,hong hu
1571,hu bei,jing zhou,song zi
1572,hu bei,huang gang,huang zhou
1573,hu bei,huang gang,tuan feng
1574,hu bei,huang gang,hong an
1575,hu bei,huang gang,luo tian
1576,hu bei,huang gang,ying shan
1577,hu bei,huang gang,xi shui
1578,hu bei,huang gang,qi chun
1579,hu bei,huang gang,huang mei
1580,hu bei,huang gang,ma cheng
1581,hu bei,huang gang,wu xue
1582,hu bei,xian ning,xian an
1583,hu bei,xian ning,jia yu
1584,hu bei,xian ning,tong cheng
1585,hu bei,xian ning,chong yang
1586,hu bei,xian ning,tong shan
1587,hu bei,xian ning,chi bi
1588,hu bei,en shi tu jia miao,en shi
1589,hu bei,en shi tu jia miao,li chuan
1590,hu bei,en shi tu jia miao,jian shi
1591,hu bei,en shi tu jia miao,ba dong
1592,hu bei,en shi tu jia miao,xuan en
1593,hu bei,en shi tu jia miao,xian feng
1594,hu bei,en shi tu jia miao,lai feng
1595,hu bei,en shi tu jia miao,he feng
1596,hu bei,sui zhou,ceng du
1597,hu bei,sui zhou,guang shui
1598,hu bei,sui zhou,sui
1599,hu bei,zhi xia dan wei,xian tao
1600,hu bei,zhi xia dan wei,qian jiang
1601,hu bei,zhi xia dan wei,tian men
1602,hu bei,zhi xia dan wei,shen nong jia lin
1603,hu nan,chang sha,fu rong
1604,hu nan,chang sha,tian xin
1605,hu nan,chang sha,yue lu
1606,hu nan,chang sha,kai fu
1607,hu nan,chang sha,yu hua
1608,hu nan,chang sha,wang cheng
1609,hu nan,chang sha,chang sha
1610,hu nan,chang sha,ning xiang
1611,hu nan,chang sha,liu yang
1612,hu nan,zhu zhou,he tang
1613,hu nan,zhu zhou,lu song
1614,hu nan,zhu zhou,shi feng
1615,hu nan,zhu zhou,tian yuan
1616,hu nan,zhu zhou,zhu zhou
1617,hu nan,zhu zhou,you
1618,hu nan,zhu zhou,cha ling
1619,hu nan,zhu zhou,yan ling
1620,hu nan,zhu zhou,li ling
1621,hu nan,xiang tan,yu hu
1622,hu nan,xiang tan,yue tang
1623,hu nan,xiang tan,xiang tan
1624,hu nan,xiang tan,xiang xiang
1625,hu nan,xiang tan,shao shan
1626,hu nan,heng yang,zhu hui
1627,hu nan,heng yang,yan feng
1628,hu nan,heng yang,shi gu
1629,hu nan,heng yang,zheng xiang
1630,hu nan,heng yang,nan yue
1631,hu nan,heng yang,heng yang
1632,hu nan,heng yang,heng nan
1633,hu nan,heng yang,heng shan
1634,hu nan,heng yang,heng dong
1635,hu nan,heng yang,qi dong
1636,hu nan,heng yang,lei yang
1637,hu nan,heng yang,chang ning
1638,hu nan,shao yang,shuang qing
1639,hu nan,shao yang,da xiang
1640,hu nan,shao yang,bei ta
1641,hu nan,shao yang,shao dong
1642,hu nan,shao yang,xin shao
1643,hu nan,shao yang,shao yang
1644,hu nan,shao yang,long hui
1645,hu nan,shao yang,dong kou
1646,hu nan,shao yang,sui ning
1647,hu nan,shao yang,xin ning
1648,hu nan,shao yang,cheng bu miao
1649,hu nan,shao yang,wu gang
1650,hu nan,yue yang,yue yang lou
1651,hu nan,yue yang,yun xi
1652,hu nan,yue yang,jun shan
1653,hu nan,yue yang,yue yang
1654,hu nan,yue yang,hua rong
1655,hu nan,yue yang,xiang yin
1656,hu nan,yue yang,ping jiang
1657,hu nan,yue yang,mi luo
1658,hu nan,yue yang,lin xiang
1659,hu nan,chang de,wu ling
1660,hu nan,chang de,ding cheng
1661,hu nan,chang de,an xiang
1662,hu nan,chang de,han shou
1663,hu nan,chang de,li
1664,hu nan,chang de,lin li
1665,hu nan,chang de,tao yuan
1666,hu nan,chang de,shi men
1667,hu nan,chang de,jin
1668,hu nan,zhang jia jie,yong ding
1669,hu nan,zhang jia jie,wu ling yuan
1670,hu nan,zhang jia jie,ci li
1671,hu nan,zhang jia jie,sang zhi
1672,hu nan,yi yang,zi yang
1673,hu nan,yi yang,he shan
1674,hu nan,yi yang,nan
1675,hu nan,yi yang,tao jiang
1676,hu nan,yi yang,an hua
1677,hu nan,yi yang,yuan jiang
1678,hu nan,chen zhou,bei hu
1679,hu nan,chen zhou,su xian
1680,hu nan,chen zhou,gui yang
1681,hu nan,chen zhou,yi zhang
1682,hu nan,chen zhou,yong xing
1683,hu nan,chen zhou,jia he
1684,hu nan,chen zhou,lin wu
1685,hu nan,chen zhou,ru cheng
1686,hu nan,chen zhou,gui dong
1687,hu nan,chen zhou,an ren
1688,hu nan,chen zhou,zi xing
1689,hu nan,yong zhou,ling ling
1690,hu nan,yong zhou,leng shui tan
1691,hu nan,yong zhou,qi yang
1692,hu nan,yong zhou,dong an
1693,hu nan,yong zhou,shuang pai
1694,hu nan,yong zhou,dao
1695,hu nan,yong zhou,jiang yong
1696,hu nan,yong zhou,ning yuan
1697,hu nan,yong zhou,lan shan
1698,hu nan,yong zhou,xin tian
1699,hu nan,yong zhou,jiang hua yao
1700,hu nan,huai hua,he cheng
1701,hu nan,huai hua,zhong fang
1702,hu nan,huai hua,yuan ling
1703,hu nan,huai hua,chen xi
1704,hu nan,huai hua,xu pu
1705,hu nan,huai hua,hui tong
1706,hu nan,huai hua,ma yang miao
1707,hu nan,huai hua,xin huang tong
1708,hu nan,huai hua,zhi jiang tong
1709,hu nan,huai hua,jing zhou miao tong
1710,hu nan,huai hua,tong dao tong
1711,hu nan,huai hua,hong jiang
1712,hu nan,lou di di,lou xing
1713,hu nan,lou di di,leng shui jiang
1714,hu nan,lou di di,lian yuan
1715,hu nan,lou di di,shuang feng
1716,hu nan,lou di di,xin hua
1717,hu nan,xiang xi tu jia miao,ji shou
1718,hu nan,xiang xi tu jia miao,lu xi
1719,hu nan,xiang xi tu jia miao,feng huang
1720,hu nan,xiang xi tu jia miao,hua yuan
1721,hu nan,xiang xi tu jia miao,bao jing
1722,hu nan,xiang xi tu jia miao,gu zhang
1723,hu nan,xiang xi tu jia miao,yong shun
1724,hu nan,xiang xi tu jia miao,long shan
1725,guang dong,guang zhou,li wan
1726,guang dong,guang zhou,yue xiu
1727,guang dong,guang zhou,hai zhu
1728,guang dong,guang zhou,tian he
1729,guang dong,guang zhou,bai yun
1730,guang dong,guang zhou,huang pu
1731,guang dong,guang zhou,fan yu
1732,guang dong,guang zhou,hua du
1733,guang dong,guang zhou,nan sha
1734,guang dong,guang zhou,zeng cheng
1735,guang dong,guang zhou,cong hua
1736,guang dong,shao guan,wu jiang
1737,guang dong,shao guan,cheng jiang
1738,guang dong,shao guan,qu jiang
1739,guang dong,shao guan,shi xing
1740,guang dong,shao guan,ren hua
1741,guang dong,shao guan,weng yuan
1742,guang dong,shao guan,ru yuan yao
1743,guang dong,shao guan,xin feng
1744,guang dong,shao guan,le chang
1745,guang dong,shao guan,nan xiong
1746,guang dong,shen zhen,luo hu
1747,guang dong,shen zhen,fu tian
1748,guang dong,shen zhen,nan shan
1749,guang dong,shen zhen,bao an
1750,guang dong,shen zhen,long gang
1751,guang dong,shen zhen,long hua
1752,guang dong,shen zhen,ping shan
1753,guang dong,shen zhen,yan tian
1754,guang dong,zhu hai,xiang zhou
1755,guang dong,zhu hai,dou men
1756,guang dong,zhu hai,jin wan
1757,guang dong,shan tou,hao jiang
1758,guang dong,shan tou,long hu
1759,guang dong,shan tou,jin ping
1760,guang dong,shan tou,chao nan
1761,guang dong,shan tou,cheng hai
1762,guang dong,shan tou,chao yang
1763,guang dong,shan tou,nan ao
1764,guang dong,fo shan,shan cheng
1765,guang dong,fo shan,shun de
1766,guang dong,fo shan,nan hai
1767,guang dong,fo shan,san shui
1768,guang dong,fo shan,gao ming
1769,guang dong,jiang men,peng jiang
1770,guang dong,jiang men,jiang hai
1771,guang dong,jiang men,xin hui
1772,guang dong,jiang men,tai shan
1773,guang dong,jiang men,kai ping
1774,guang dong,jiang men,he shan
1775,guang dong,jiang men,en ping
1776,guang dong,zhan jiang,chi kan
1777,guang dong,zhan jiang,xia shan
1778,guang dong,zhan jiang,po tou
1779,guang dong,zhan jiang,ma zhang
1780,guang dong,zhan jiang,sui xi
1781,guang dong,zhan jiang,xu wen
1782,guang dong,zhan jiang,lian jiang
1783,guang dong,zhan jiang,lei zhou
1784,guang dong,zhan jiang,wu chuan
1785,guang dong,mao ming,mao nan
1786,guang dong,mao ming,dian bai
1787,guang dong,mao ming,gao zhou
1788,guang dong,mao ming,hua zhou
1789,guang dong,mao ming,xin yi
1790,guang dong,zhao qing,duan zhou
1791,guang dong,zhao qing,ding hu
1792,guang dong,zhao qing,gao yao
1793,guang dong,zhao qing,guang ning
1794,guang dong,zhao qing,huai ji
1795,guang dong,zhao qing,feng kai
1796,guang dong,zhao qing,de qing
1797,guang dong,zhao qing,si hui
1798,guang dong,hui zhou,hui cheng
1799,guang dong,hui zhou,hui yang
1800,guang dong,hui zhou,bo luo
1801,guang dong,hui zhou,hui dong
1802,guang dong,hui zhou,long men
1803,guang dong,mei zhou,mei jiang
1804,guang dong,mei zhou,mei
1805,guang dong,mei zhou,da pu
1806,guang dong,mei zhou,feng shun
1807,guang dong,mei zhou,wu hua
1808,guang dong,mei zhou,ping yuan
1809,guang dong,mei zhou,jiao ling
1810,guang dong,mei zhou,xing ning
1811,guang dong,shan wei,cheng
1812,guang dong,shan wei,hai feng
1813,guang dong,shan wei,lu he
1814,guang dong,shan wei,lu feng
1815,guang dong,he yuan,yuan cheng
1816,guang dong,he yuan,zi jin
1817,guang dong,he yuan,long chuan
1818,guang dong,he yuan,lian ping
1819,guang dong,he yuan,he ping
1820,guang dong,he yuan,dong yuan
1821,guang dong,yang jiang,jiang cheng
1822,guang dong,yang jiang,yang dong
1823,guang dong,yang jiang,yang xi
1824,guang dong,yang jiang,yang chun
1825,guang dong,qing yuan,qing cheng
1826,guang dong,qing yuan,qing xin
1827,guang dong,qing yuan,fo gang
1828,guang dong,qing yuan,yang shan
1829,guang dong,qing yuan,lian shan zhuang yao
1830,guang dong,qing yuan,lian nan yao
1831,guang dong,qing yuan,ying de
1832,guang dong,qing yuan,lian zhou
1833,guang dong,dong guan,dong guan
1834,guang dong,zhong shan,zhong shan
1835,guang dong,chao zhou,xiang qiao
1836,guang dong,chao zhou,chao an
1837,guang dong,chao zhou,rao ping
1838,guang dong,jie yang,rong cheng
1839,guang dong,jie yang,jie dong
1840,guang dong,jie yang,jie xi
1841,guang dong,jie yang,hui lai
1842,guang dong,jie yang,pu ning
1843,guang dong,yun fu,yun cheng
1844,guang dong,yun fu,yun an
1845,guang dong,yun fu,xin xing
1846,guang dong,yun fu,yu nan
1847,guang dong,yun fu,luo ding
1848,guang xi,nan ning,xing ning
1849,guang xi,nan ning,qing xiu
1850,guang xi,nan ning,xi xiang tang
1851,guang xi,nan ning,jiang nan
1852,guang xi,nan ning,liang qing
1853,guang xi,nan ning,yong ning
1854,guang xi,nan ning,wu ming
1855,guang xi,nan ning,long an
1856,guang xi,nan ning,ma shan
1857,guang xi,nan ning,shang lin
1858,guang xi,nan ning,bin yang
1859,guang xi,nan ning,heng
1860,guang xi,liu zhou,cheng zhong
1861,guang xi,liu zhou,yu feng
1862,guang xi,liu zhou,liu nan
1863,guang xi,liu zhou,liu bei
1864,guang xi,liu zhou,liu jiang
1865,guang xi,liu zhou,liu cheng
1866,guang xi,liu zhou,lu zhai
1867,guang xi,liu zhou,rong an
1868,guang xi,liu zhou,rong shui miao
1869,guang xi,liu zhou,san jiang tong
1870,guang xi,gui lin,xiu feng
1871,guang xi,gui lin,die cai
1872,guang xi,gui lin,xiang shan
1873,guang xi,gui lin,qi xing
1874,guang xi,gui lin,yan shan
1875,guang xi,gui lin,lin gui
1876,guang xi,gui lin,yang shuo
1877,guang xi,gui lin,ling chuan
1878,guang xi,gui lin,quan zhou
1879,guang xi,gui lin,xing an
1880,guang xi,gui lin,yong fu
1881,guang xi,gui lin,guan yang
1882,guang xi,gui lin,long sheng ge
1883,guang xi,gui lin,zi yuan
1884,guang xi,gui lin,ping le
1885,guang xi,gui lin,li pu
1886,guang xi,gui lin,gong cheng yao
1887,guang xi,wu zhou,wan xiu
1888,guang xi,wu zhou,chang zhou
1889,guang xi,wu zhou,long wei
1890,guang xi,wu zhou,cang wu
1891,guang xi,wu zhou,teng
1892,guang xi,wu zhou,meng shan
1893,guang xi,wu zhou,cen xi
1894,guang xi,bei hai,hai cheng
1895,guang xi,bei hai,yin hai
1896,guang xi,bei hai,tie shan gang
1897,guang xi,bei hai,he pu
1898,guang xi,fang cheng gang,gang kou
1899,guang xi,fang cheng gang,fang cheng
1900,guang xi,fang cheng gang,shang si
1901,guang xi,fang cheng gang,dong xing
1902,guang xi,qin zhou,qin nan
1903,guang xi,qin zhou,qin bei
1904,guang xi,qin zhou,pu bei
1905,guang xi,qin zhou,ling shan
1906,guang xi,gui gang,gang bei
1907,guang xi,gui gang,gang nan
1908,guang xi,gui gang,tan tang
1909,guang xi,gui gang,ping nan
1910,guang xi,gui gang,gui ping
1911,guang xi,yu lin,yu zhou
1912,guang xi,yu lin,fu mian
1913,guang xi,yu lin,rong
1914,guang xi,yu lin,lu chuan
1915,guang xi,yu lin,bo bai
1916,guang xi,yu lin,xing ye
1917,guang xi,yu lin,bei liu
1918,guang xi,chong zuo,jiang zhou
1919,guang xi,chong zuo,ping xiang
1920,guang xi,chong zuo,fu sui
1921,guang xi,chong zuo,ning ming
1922,guang xi,chong zuo,long zhou
1923,guang xi,chong zuo,da xin
1924,guang xi,chong zuo,tian deng
1925,guang xi,lai bin,xing bin
1926,guang xi,lai bin,he shan
1927,guang xi,lai bin,xin cheng
1928,guang xi,lai bin,xiang zhou
1929,guang xi,lai bin,wu xuan
1930,guang xi,lai bin,jin xiu yao
1931,guang xi,he zhou,ba bu
1932,guang xi,he zhou,ping gui
1933,guang xi,he zhou,zhao ping
1934,guang xi,he zhou,zhong shan
1935,guang xi,he zhou,? fu chuan yao
1936,guang xi,bai se,you jiang
1937,guang xi,bai se,jing xi
1938,guang xi,bai se,tian yang
1939,guang xi,bai se,tian dong
1940,guang xi,bai se,ping guo
1941,guang xi,bai se,de bao
1942,guang xi,bai se,na po
1943,guang xi,bai se,ling yun
1944,guang xi,bai se,le ye
1945,guang xi,bai se,tian lin
1946,guang xi,bai se,long lin ge
1947,guang xi,bai se,xi lin
1948,guang xi,he chi,jin cheng jiang
1949,guang xi,he chi,yi zhou
1950,guang xi,he chi,luo cheng mu lao
1951,guang xi,he chi,huan jiang mao nan
1952,guang xi,he chi,nan dan
1953,guang xi,he chi,tian e
1954,guang xi,he chi,feng shan
1955,guang xi,he chi,dong lan
1956,guang xi,he chi,ba ma yao
1957,guang xi,he chi,du an yao
1958,guang xi,he chi,da hua yao
1959,hai nan,zhi xia ji dan wei,qiong hai
1960,hai nan,zhi xia ji dan wei,wu zhi shan
1961,hai nan,zhi xia ji dan wei,wen chang
1962,hai nan,zhi xia ji dan wei,wan ning
1963,hai nan,zhi xia ji dan wei,dong fang
1964,hai nan,zhi xia ji dan wei,ding an
1965,hai nan,zhi xia ji dan wei,tun chang
1966,hai nan,zhi xia ji dan wei,cheng mai
1967,hai nan,zhi xia ji dan wei,lin gao
1968,hai nan,zhi xia ji dan wei,bai sha li
1969,hai nan,zhi xia ji dan wei,chang jiang li
1970,hai nan,zhi xia ji dan wei,le dong li
1971,hai nan,zhi xia ji dan wei,ling shui li
1972,hai nan,zhi xia ji dan wei,bao ting li miao
1973,hai nan,zhi xia ji dan wei,qiong zhong li miao
1974,hai nan,hai kou,long hua
1975,hai nan,hai kou,xiu ying
1976,hai nan,hai kou,qiong shan
1977,hai nan,hai kou,mei lan
1978,hai nan,san ya,ji yang
1979,hai nan,san ya,ya zhou
1980,hai nan,san ya,tian ya
1981,hai nan,san ya,hai tang
1982,hai nan,        dan zhou,dan zhou
1983,hai nan,san sha,san sha
1984,zhong qing,zhong qing,wan zhou
1985,zhong qing,zhong qing,fu ling
1986,zhong qing,zhong qing,yu zhong
1987,zhong qing,zhong qing,da du kou
1988,zhong qing,zhong qing,jiang bei
1989,zhong qing,zhong qing,sha ping ba
1990,zhong qing,zhong qing,jiu long po
1991,zhong qing,zhong qing,nan an
1992,zhong qing,zhong qing,bei bei
1993,zhong qing,zhong qing,qi jiang
1994,zhong qing,zhong qing,da zu
1995,zhong qing,zhong qing,yu bei
1996,zhong qing,zhong qing,jiang jin
1997,zhong qing,zhong qing,he chuan
1998,zhong qing,zhong qing,ba nan
1999,zhong qing,zhong qing,chang shou
2000,zhong qing,zhong qing,tong nan
2001,zhong qing,zhong qing,tong liang
2002,zhong qing,zhong qing,bi shan
2003,zhong qing,zhong qing,rong chang
2004,zhong qing,zhong qing,qian jiang
2005,zhong qing,zhong qing,yong chuan
2006,zhong qing,zhong qing,nan chuan
2007,zhong qing,zhong qing,kai zhou
2008,zhong qing,zhong qing,liang ping
2009,zhong qing,zhong qing,wu long
2010,zhong qing,zhong qing,feng du
2011,zhong qing,zhong qing,dian jiang
2012,zhong qing,zhong qing,cheng kou
2013,zhong qing,zhong qing,zhong
2014,zhong qing,zhong qing,yun yang
2015,zhong qing,zhong qing,feng jie
2016,zhong qing,zhong qing,wu shan
2017,zhong qing,zhong qing,wu xi
2018,zhong qing,zhong qing,shi zhu tu jia
2019,zhong qing,zhong qing,xiu shan tu jia miao
2020,zhong qing,zhong qing,you yang tu jia miao
2021,zhong qing,zhong qing,peng shui miao tu jia
2022,si chuan,cheng du,jin jiang
2023,si chuan,cheng du,qing yang
2024,si chuan,cheng du,jin niu
2025,si chuan,cheng du,wu hou
2026,si chuan,cheng du,cheng hua
2027,si chuan,cheng du,long quan yi
2028,si chuan,cheng du,qing bai jiang
2029,si chuan,cheng du,wen jiang
2030,si chuan,cheng du,xin du
2031,si chuan,cheng du,shuang liu
2032,si chuan,cheng du,pi du
2033,si chuan,cheng du,jin tang
2034,si chuan,cheng du,da yi
2035,si chuan,cheng du,pu jiang
2036,si chuan,cheng du,xin jin
2037,si chuan,cheng du,du jiang yan
2038,si chuan,cheng du,peng zhou
2039,si chuan,cheng du,qiong lai
2040,si chuan,cheng du,chong zhou
2041,si chuan,cheng du,jian yang
2042,si chuan,zi gong,zi liu jing
2043,si chuan,zi gong,gong jing
2044,si chuan,zi gong,da an
2045,si chuan,zi gong,yan tan
2046,si chuan,zi gong,rong
2047,si chuan,zi gong,fu shun
2048,si chuan,pan zhi hua,dong
2049,si chuan,pan zhi hua,xi
2050,si chuan,pan zhi hua,ren he
2051,si chuan,pan zhi hua,mi yi
2052,si chuan,pan zhi hua,yan bian
2053,si chuan,lu zhou,jiang yang
2054,si chuan,lu zhou,na xi
2055,si chuan,lu zhou,long ma tan
2056,si chuan,lu zhou,lu
2057,si chuan,lu zhou,he jiang
2058,si chuan,lu zhou,xu yong
2059,si chuan,lu zhou,gu lin
2060,si chuan,de yang,jing yang
2061,si chuan,de yang,zhong jiang
2062,si chuan,de yang,luo jiang
2063,si chuan,de yang,guang han
2064,si chuan,de yang,shi fang
2065,si chuan,de yang,mian zhu
2066,si chuan,mian yang,fu cheng
2067,si chuan,mian yang,you xian
2068,si chuan,mian yang,san tai
2069,si chuan,mian yang,yan ting
2070,si chuan,mian yang,an
2071,si chuan,mian yang,zi tong
2072,si chuan,mian yang,bei chuan qiang
2073,si chuan,mian yang,ping wu
2074,si chuan,mian yang,jiang you
2075,si chuan,guang yuan,li zhou
2076,si chuan,guang yuan,zhao hua
2077,si chuan,guang yuan,zhao tian
2078,si chuan,guang yuan,wang cang
2079,si chuan,guang yuan,qing chuan
2080,si chuan,guang yuan,jian ge
2081,si chuan,guang yuan,cang xi
2082,si chuan,sui ning,chuan shan
2083,si chuan,sui ning,an ju
2084,si chuan,sui ning,peng xi
2085,si chuan,sui ning,she hong
2086,si chuan,sui ning,da ying
2087,si chuan,nei jiang,zhong
2088,si chuan,nei jiang,dong xing
2089,si chuan,nei jiang,wei yuan
2090,si chuan,nei jiang,zi zhong
2091,si chuan,nei jiang,long chang
2092,si chuan,le shan,zhong
2093,si chuan,le shan,sha wan
2094,si chuan,le shan,wu tong qiao
2095,si chuan,le shan,jin kou he
2096,si chuan,le shan,jian wei
2097,si chuan,le shan,jing yan
2098,si chuan,le shan,jia jiang
2099,si chuan,le shan,mu chuan
2100,si chuan,le shan,e bian yi
2101,si chuan,le shan,ma bian yi
2102,si chuan,le shan,e mei shan
2103,si chuan,nan chong,shun qing
2104,si chuan,nan chong,gao ping
2105,si chuan,nan chong,jia ling
2106,si chuan,nan chong,nan bu
2107,si chuan,nan chong,ying shan
2108,si chuan,nan chong,peng an
2109,si chuan,nan chong,yi long
2110,si chuan,nan chong,xi chong
2111,si chuan,nan chong,lang zhong
2112,si chuan,yi bin,cui ping
2113,si chuan,yi bin,nan xi
2114,si chuan,yi bin,yi bin
2115,si chuan,yi bin,jiang an
2116,si chuan,yi bin,chang ning
2117,si chuan,yi bin,gao
2118,si chuan,yi bin,gong
2119,si chuan,yi bin,yun lian
2120,si chuan,yi bin,xing wen
2121,si chuan,yi bin,ping shan
2122,si chuan,guang an,guang an
2123,si chuan,guang an,qian feng
2124,si chuan,guang an,yue chi
2125,si chuan,guang an,wu sheng
2126,si chuan,guang an,lin shui
2127,si chuan,guang an,hua ying
2128,si chuan,da zhou,da chuan
2129,si chuan,da zhou,tong chuan
2130,si chuan,da zhou,xuan han
2131,si chuan,da zhou,kai jiang
2132,si chuan,da zhou,da zhu
2133,si chuan,da zhou,qu
2134,si chuan,da zhou,wan yuan
2135,si chuan,ya an,yu cheng
2136,si chuan,ya an,ming shan
2137,si chuan,ya an,ying jing
2138,si chuan,ya an,han yuan
2139,si chuan,ya an,shi mian
2140,si chuan,ya an,tian quan
2141,si chuan,ya an,lu shan
2142,si chuan,ya an,bao xing
2143,si chuan,a ba cang qiang,wen chuan
2144,si chuan,a ba cang qiang,li
2145,si chuan,a ba cang qiang,mao
2146,si chuan,a ba cang qiang,song pan
2147,si chuan,a ba cang qiang,jiu zhai gou
2148,si chuan,a ba cang qiang,jin chuan
2149,si chuan,a ba cang qiang,xiao jin
2150,si chuan,a ba cang qiang,hei shui
2151,si chuan,a ba cang qiang,ma er kang
2152,si chuan,a ba cang qiang,rang tang
2153,si chuan,a ba cang qiang,a ba
2154,si chuan,a ba cang qiang,ruo er gai
2155,si chuan,a ba cang qiang,hong yuan
2156,si chuan,gan zi cang,kang ding
2157,si chuan,gan zi cang,lu ding
2158,si chuan,gan zi cang,dan ba
2159,si chuan,gan zi cang,jiu long
2160,si chuan,gan zi cang,ya jiang
2161,si chuan,gan zi cang,dao fu
2162,si chuan,gan zi cang,lu huo
2163,si chuan,gan zi cang,gan zi
2164,si chuan,gan zi cang,xin long
2165,si chuan,gan zi cang,de ge
2166,si chuan,gan zi cang,bai yu
2167,si chuan,gan zi cang,shi qu
2168,si chuan,gan zi cang,se da
2169,si chuan,gan zi cang,li tang
2170,si chuan,gan zi cang,ba tang
2171,si chuan,gan zi cang,xiang cheng
2172,si chuan,gan zi cang,dao cheng
2173,si chuan,gan zi cang,de rong
2174,si chuan,liang shan yi,xi chang
2175,si chuan,liang shan yi,mu li cang
2176,si chuan,liang shan yi,yan yuan
2177,si chuan,liang shan yi,de chang
2178,si chuan,liang shan yi,hui li
2179,si chuan,liang shan yi,hui dong
2180,si chuan,liang shan yi,ning nan
2181,si chuan,liang shan yi,pu ge
2182,si chuan,liang shan yi,bu tuo
2183,si chuan,liang shan yi,jin yang
2184,si chuan,liang shan yi,zhao jue
2185,si chuan,liang shan yi,xi de
2186,si chuan,liang shan yi,mian ning
2187,si chuan,liang shan yi,yue xi
2188,si chuan,liang shan yi,gan luo
2189,si chuan,liang shan yi,mei gu
2190,si chuan,liang shan yi,lei bo
2191,si chuan,ba zhong,ba zhou
2192,si chuan,ba zhong,en yang
2193,si chuan,ba zhong,tong jiang
2194,si chuan,ba zhong,nan jiang
2195,si chuan,ba zhong,ping chang
2196,si chuan,mei shan,dong po
2197,si chuan,mei shan,peng shan
2198,si chuan,mei shan,ren shou
2199,si chuan,mei shan,hong ya
2200,si chuan,mei shan,dan leng
2201,si chuan,mei shan,qing shen
2202,si chuan,zi yang,yan jiang
2203,si chuan,zi yang,an yue
2204,si chuan,zi yang,le zhi
2205,gui zhou,gui yang,nan ming
2206,gui zhou,gui yang,yun yan
2207,gui zhou,gui yang,hua xi
2208,gui zhou,gui yang,wu dang
2209,gui zhou,gui yang,bai yun
2210,gui zhou,gui yang,guan shan hu
2211,gui zhou,gui yang,kai yang
2212,gui zhou,gui yang,xi feng
2213,gui zhou,gui yang,xiu wen
2214,gui zhou,gui yang,qing zhen
2215,gui zhou,liu pan shui,zhong shan
2216,gui zhou,liu pan shui,liu zhi te
2217,gui zhou,liu pan shui,pan
2218,gui zhou,liu pan shui,shui cheng
2219,gui zhou,zun yi,hong hua gang
2220,gui zhou,zun yi,hui chuan
2221,gui zhou,zun yi,zun yi
2222,gui zhou,zun yi,tong zi
2223,gui zhou,zun yi,sui yang
2224,gui zhou,zun yi,zheng an
2225,gui zhou,zun yi,dao zhen yi lao miao
2226,gui zhou,zun yi,wu chuan yi lao miao
2227,gui zhou,zun yi,feng gang
2228,gui zhou,zun yi,mei tan
2229,gui zhou,zun yi,yu qing
2230,gui zhou,zun yi,xi shui
2231,gui zhou,zun yi,chi shui
2232,gui zhou,zun yi,ren huai
2233,gui zhou,tong ren,bi jiang
2234,gui zhou,tong ren,wan shan
2235,gui zhou,tong ren,jiang kou
2236,gui zhou,tong ren,yu ping tong
2237,gui zhou,tong ren,shi qian
2238,gui zhou,tong ren,si nan
2239,gui zhou,tong ren,yin jiang tu jia miao
2240,gui zhou,tong ren,de jiang
2241,gui zhou,tong ren,yan he tu jia
2242,gui zhou,tong ren,song tao miao
2243,gui zhou,qian xi nan bu yi miao,xing yi
2244,gui zhou,qian xi nan bu yi miao,xing ren
2245,gui zhou,qian xi nan bu yi miao,pu an
2246,gui zhou,qian xi nan bu yi miao,qing long
2247,gui zhou,qian xi nan bu yi miao,zhen feng
2248,gui zhou,qian xi nan bu yi miao,wang mo
2249,gui zhou,qian xi nan bu yi miao,ce heng
2250,gui zhou,qian xi nan bu yi miao,an long
2251,gui zhou,bi jie,qi xing guan
2252,gui zhou,bi jie,da fang
2253,gui zhou,bi jie,qian xi
2254,gui zhou,bi jie,jin sha
2255,gui zhou,bi jie,zhi jin
2256,gui zhou,bi jie,na yong
2257,gui zhou,bi jie,wei ning yi hui miao
2258,gui zhou,bi jie,he zhang
2259,gui zhou,an shun,xi xiu
2260,gui zhou,an shun,ping ba
2261,gui zhou,an shun,pu ding
2262,gui zhou,an shun,guan ling bu yi miao
2263,gui zhou,an shun,zhen ning bu yi miao
2264,gui zhou,an shun,zi yun miao bu yi
2265,gui zhou,qian dong nan miao tong,kai li
2266,gui zhou,qian dong nan miao tong,huang ping
2267,gui zhou,qian dong nan miao tong,shi bing
2268,gui zhou,qian dong nan miao tong,san sui
2269,gui zhou,qian dong nan miao tong,zhen yuan
2270,gui zhou,qian dong nan miao tong,cen gong
2271,gui zhou,qian dong nan miao tong,tian zhu
2272,gui zhou,qian dong nan miao tong,jin ping
2273,gui zhou,qian dong nan miao tong,jian he
2274,gui zhou,qian dong nan miao tong,tai jiang
2275,gui zhou,qian dong nan miao tong,li ping
2276,gui zhou,qian dong nan miao tong,rong jiang
2277,gui zhou,qian dong nan miao tong,cong jiang
2278,gui zhou,qian dong nan miao tong,lei shan
2279,gui zhou,qian dong nan miao tong,ma jiang
2280,gui zhou,qian dong nan miao tong,dan zhai
2281,gui zhou,qian nan bu yi miao,du yun
2282,gui zhou,qian nan bu yi miao,fu quan
2283,gui zhou,qian nan bu yi miao,li bo
2284,gui zhou,qian nan bu yi miao,gui ding
2285,gui zhou,qian nan bu yi miao,weng an
2286,gui zhou,qian nan bu yi miao,du shan
2287,gui zhou,qian nan bu yi miao,ping tang
2288,gui zhou,qian nan bu yi miao,luo dian
2289,gui zhou,qian nan bu yi miao,chang shun
2290,gui zhou,qian nan bu yi miao,long li
2291,gui zhou,qian nan bu yi miao,hui shui
2292,gui zhou,qian nan bu yi miao,san du shui
2293,yun nan,kun ming,wu hua
2294,yun nan,kun ming,pan long
2295,yun nan,kun ming,guan du
2296,yun nan,kun ming,xi shan
2297,yun nan,kun ming,dong chuan
2298,yun nan,kun ming,cheng gong
2299,yun nan,kun ming,jin ning
2300,yun nan,kun ming,fu min
2301,yun nan,kun ming,yi liang
2302,yun nan,kun ming,shi lin yi
2303,yun nan,kun ming,song ming
2304,yun nan,kun ming,lu quan yi miao
2305,yun nan,kun ming,xun dian hui
2306,yun nan,kun ming,an ning
2307,yun nan,qu jing,qi lin
2308,yun nan,qu jing,ma long
2309,yun nan,qu jing,lu liang
2310,yun nan,qu jing,shi zong
2311,yun nan,qu jing,luo ping
2312,yun nan,qu jing,fu yuan
2313,yun nan,qu jing,hui ze
2314,yun nan,qu jing,zhan yi
2315,yun nan,qu jing,xuan wei
2316,yun nan,yu xi,hong ta
2317,yun nan,yu xi,jiang chuan
2318,yun nan,yu xi,cheng jiang
2319,yun nan,yu xi,tong hai
2320,yun nan,yu xi,hua ning
2321,yun nan,yu xi,yi men
2322,yun nan,yu xi,e shan yi
2323,yun nan,yu xi,xin ping yi dai
2324,yun nan,yu xi,yuan jiang ha ni yi dai
2325,yun nan,zhao tong,zhao yang
2326,yun nan,zhao tong,lu dian
2327,yun nan,zhao tong,qiao jia
2328,yun nan,zhao tong,yan jin
2329,yun nan,zhao tong,da guan
2330,yun nan,zhao tong,yong shan
2331,yun nan,zhao tong,sui jiang
2332,yun nan,zhao tong,zhen xiong
2333,yun nan,zhao tong,yi liang
2334,yun nan,zhao tong,wei xin
2335,yun nan,zhao tong,shui fu
2336,yun nan,chu xiong yi,chu xiong
2337,yun nan,chu xiong yi,shuang bai
2338,yun nan,chu xiong yi,mou ding
2339,yun nan,chu xiong yi,nan hua
2340,yun nan,chu xiong yi,yao an
2341,yun nan,chu xiong yi,da yao
2342,yun nan,chu xiong yi,yong ren
2343,yun nan,chu xiong yi,yuan mou
2344,yun nan,chu xiong yi,wu ding
2345,yun nan,chu xiong yi,lu feng
2346,yun nan,hong he ha ni yi,ge jiu
2347,yun nan,hong he ha ni yi,kai yuan
2348,yun nan,hong he ha ni yi,meng zi
2349,yun nan,hong he ha ni yi,ping bian miao
2350,yun nan,hong he ha ni yi,jian shui
2351,yun nan,hong he ha ni yi,shi ping
2352,yun nan,hong he ha ni yi,mi le
2353,yun nan,hong he ha ni yi,lu xi
2354,yun nan,hong he ha ni yi,yuan yang
2355,yun nan,hong he ha ni yi,hong he
2356,yun nan,hong he ha ni yi,jin ping miao yao dai
2357,yun nan,hong he ha ni yi,lv chun
2358,yun nan,hong he ha ni yi,he kou yao
2359,yun nan,wen shan zhuang miao,wen shan
2360,yun nan,wen shan zhuang miao,yan shan
2361,yun nan,wen shan zhuang miao,xi chou
2362,yun nan,wen shan zhuang miao,ma li po
2363,yun nan,wen shan zhuang miao,ma guan
2364,yun nan,wen shan zhuang miao,qiu bei
2365,yun nan,wen shan zhuang miao,guang nan
2366,yun nan,wen shan zhuang miao,fu ning
2367,yun nan,pu er,si mao
2368,yun nan,pu er,ning er ha ni yi
2369,yun nan,pu er,mo jiang ha ni
2370,yun nan,pu er,jing dong yi
2371,yun nan,pu er,jing gu dai yi
2372,yun nan,pu er,zhen yuan yi ha ni la hu
2373,yun nan,pu er,jiang cheng ha ni yi
2374,yun nan,pu er,meng lian dai la hu wa
2375,yun nan,pu er,lan cang la hu
2376,yun nan,pu er,xi wa
2377,yun nan,xi shuang ban na dai,jing hong
2378,yun nan,xi shuang ban na dai,meng hai
2379,yun nan,xi shuang ban na dai,meng la
2380,yun nan,da li bai,da li
2381,yun nan,da li bai,yang pi yi
2382,yun nan,da li bai,xiang yun
2383,yun nan,da li bai,bin chuan
2384,yun nan,da li bai,mi du
2385,yun nan,da li bai,nan jian yi
2386,yun nan,da li bai,wei shan yi hui
2387,yun nan,da li bai,yong ping
2388,yun nan,da li bai,yun long
2389,yun nan,da li bai,er yuan
2390,yun nan,da li bai,jian chuan
2391,yun nan,da li bai,he qing
2392,yun nan,bao shan,long yang
2393,yun nan,bao shan,shi dian
2394,yun nan,bao shan,teng chong
2395,yun nan,bao shan,long ling
2396,yun nan,bao shan,chang ning
2397,yun nan,de hong dai jing po,rui li
2398,yun nan,de hong dai jing po,mang
2399,yun nan,de hong dai jing po,liang he
2400,yun nan,de hong dai jing po,ying jiang
2401,yun nan,de hong dai jing po,long chuan
2402,yun nan,li jiang,gu cheng
2403,yun nan,li jiang,yu long na xi
2404,yun nan,li jiang,yong sheng
2405,yun nan,li jiang,hua ping
2406,yun nan,li jiang,ning lang yi
2407,yun nan,nu jiang li su,lu shui
2408,yun nan,nu jiang li su,fu gong
2409,yun nan,nu jiang li su,gong shan du long nu
2410,yun nan,nu jiang li su,lan ping bai pu mi
2411,yun nan,di qing cang,xiang ge li la
2412,yun nan,di qing cang,de qin
2413,yun nan,di qing cang,wei xi li su
2414,yun nan,lin cang,lin xiang
2415,yun nan,lin cang,feng qing
2416,yun nan,lin cang,yun
2417,yun nan,lin cang,yong de
2418,yun nan,lin cang,zhen kang
2419,yun nan,lin cang,shuang jiang la hu wa bu lang dai
2420,yun nan,lin cang,geng ma dai wa
2421,yun nan,lin cang,cang yuan wa
2422,xi zang,la sa,cheng guan
2423,xi zang,la sa,lin zhou
2424,xi zang,la sa,dang xiong
2425,xi zang,la sa,ni mu
2426,xi zang,la sa,qu shui
2427,xi zang,la sa,dui long de qing
2428,xi zang,la sa,da zi
2429,xi zang,la sa,mo zhu gong qia
2430,xi zang,chang du,qia ruo
2431,xi zang,chang du,jiang da
2432,xi zang,chang du,gong jue
2433,xi zang,chang du,lei wu qi
2434,xi zang,chang du,ding qing
2435,xi zang,chang du,cha ya
2436,xi zang,chang du,ba su
2437,xi zang,chang du,zuo gong
2438,xi zang,chang du,mang kang
2439,xi zang,chang du,luo long
2440,xi zang,chang du,bian ba
2441,xi zang,shan nan di,nai dong
2442,xi zang,shan nan di,zha nang
2443,xi zang,shan nan di,gong ga
2444,xi zang,shan nan di,sang ri
2445,xi zang,shan nan di,qiong jie
2446,xi zang,shan nan di,qu song
2447,xi zang,shan nan di,cuo mei
2448,xi zang,shan nan di,luo zha
2449,xi zang,shan nan di,jia cha
2450,xi zang,shan nan di,long zi
2451,xi zang,shan nan di,cuo na
2452,xi zang,shan nan di,lang qia zi
2453,xi zang,ri ka ze,sang zhu zi
2454,xi zang,ri ka ze,nan mu lin
2455,xi zang,ri ka ze,jiang zi
2456,xi zang,ri ka ze,ding ri
2457,xi zang,ri ka ze,sa jia
2458,xi zang,ri ka ze,la zi
2459,xi zang,ri ka ze,ang ren
2460,xi zang,ri ka ze,xie tong men
2461,xi zang,ri ka ze,bai lang
2462,xi zang,ri ka ze,ren bu
2463,xi zang,ri ka ze,kang ma
2464,xi zang,ri ka ze,ding jie
2465,xi zang,ri ka ze,zhong ba
2466,xi zang,ri ka ze,ya dong
2467,xi zang,ri ka ze,ji long
2468,xi zang,ri ka ze,nie la mu
2469,xi zang,ri ka ze,sa ga
2470,xi zang,ri ka ze,gang ba
2471,xi zang,na qu di,na qu
2472,xi zang,na qu di,jia li
2473,xi zang,na qu di,bi ru
2474,xi zang,na qu di,nie rong
2475,xi zang,na qu di,an duo
2476,xi zang,na qu di,shen zha
2477,xi zang,na qu di,suo
2478,xi zang,na qu di,ban ge
2479,xi zang,na qu di,shuang hu
2480,xi zang,na qu di,ba qing
2481,xi zang,na qu di,ni ma
2482,xi zang,a li di,pu lan
2483,xi zang,a li di,zha da
2484,xi zang,a li di,ge er
2485,xi zang,a li di,ri tu
2486,xi zang,a li di,ge ji
2487,xi zang,a li di,gai ze
2488,xi zang,a li di,cuo qin
2489,xi zang,lin zhi di,lin zhi
2490,xi zang,lin zhi di,gong bu jiang da
2491,xi zang,lin zhi di,mi lin
2492,xi zang,lin zhi di,mo tuo
2493,xi zang,lin zhi di,bo mi
2494,xi zang,lin zhi di,cha yu
2495,xi zang,lin zhi di,lang
2496,shan xi,xi an,xin cheng
2497,shan xi,xi an,bei lin
2498,shan xi,xi an,lian hu
2499,shan xi,xi an,ba qiao
2500,shan xi,xi an,wei yang
2501,shan xi,xi an,yan ta
2502,shan xi,xi an,yan liang
2503,shan xi,xi an,lin tong
2504,shan xi,xi an,chang an
2505,shan xi,xi an,gao ling
2506,shan xi,xi an,hu yi
2507,shan xi,xi an,zhou zhi
2508,shan xi,xi an,lan tian
2509,shan xi,tong chuan,wang yi
2510,shan xi,tong chuan,yin tai
2511,shan xi,tong chuan,yao zhou
2512,shan xi,tong chuan,yi jun
2513,shan xi,bao ji,wei bin
2514,shan xi,bao ji,jin tai
2515,shan xi,bao ji,chen cang
2516,shan xi,bao ji,feng xiang
2517,shan xi,bao ji,qi shan
2518,shan xi,bao ji,fu feng
2519,shan xi,bao ji,mei
2520,shan xi,bao ji,long
2521,shan xi,bao ji,qian yang
2522,shan xi,bao ji,lin you
2523,shan xi,bao ji,feng
2524,shan xi,bao ji,tai bai
2525,shan xi,xian yang,qin du
2526,shan xi,xian yang,yang ling
2527,shan xi,xian yang,wei cheng
2528,shan xi,xian yang,san yuan
2529,shan xi,xian yang,jing yang
2530,shan xi,xian yang,gan
2531,shan xi,xian yang,li quan
2532,shan xi,xian yang,yong shou
2533,shan xi,xian yang,bin
2534,shan xi,xian yang,chang wu
2535,shan xi,xian yang,xun yi
2536,shan xi,xian yang,chun hua
2537,shan xi,xian yang,wu gong
2538,shan xi,xian yang,xing ping
2539,shan xi,wei nan,lin wei
2540,shan xi,wei nan,hua zhou
2541,shan xi,wei nan,tong guan
2542,shan xi,wei nan,da li
2543,shan xi,wei nan,he yang
2544,shan xi,wei nan,cheng cheng
2545,shan xi,wei nan,pu cheng
2546,shan xi,wei nan,bai shui
2547,shan xi,wei nan,fu ping
2548,shan xi,wei nan,han cheng
2549,shan xi,wei nan,hua yin
2550,shan xi,yan an,bao ta
2551,shan xi,yan an,an sai
2552,shan xi,yan an,yan chang
2553,shan xi,yan an,yan chuan
2554,shan xi,yan an,zi chang
2555,shan xi,yan an,zhi dan
2556,shan xi,yan an,wu
2557,shan xi,yan an,gan quan
2558,shan xi,yan an,fu
2559,shan xi,yan an,luo chuan
2560,shan xi,yan an,yi chuan
2561,shan xi,yan an,huang long
2562,shan xi,yan an,huang ling
2563,shan xi,han zhong,han tai
2564,shan xi,han zhong,nan zheng
2565,shan xi,han zhong,cheng gu
2566,shan xi,han zhong,yang
2567,shan xi,han zhong,xi xiang
2568,shan xi,han zhong,mian
2569,shan xi,han zhong,ning qiang
2570,shan xi,han zhong,lve yang
2571,shan xi,han zhong,zhen ba
2572,shan xi,han zhong,liu ba
2573,shan xi,han zhong,fo ping
2574,shan xi,an kang,han bin
2575,shan xi,an kang,han yin
2576,shan xi,an kang,shi quan
2577,shan xi,an kang,ning shan
2578,shan xi,an kang,zi yang
2579,shan xi,an kang,lan gao
2580,shan xi,an kang,ping li
2581,shan xi,an kang,zhen ping
2582,shan xi,an kang,xun yang
2583,shan xi,an kang,bai he
2584,shan xi,shang luo,shang zhou
2585,shan xi,shang luo,luo nan
2586,shan xi,shang luo,dan feng
2587,shan xi,shang luo,shang nan
2588,shan xi,shang luo,shan yang
2589,shan xi,shang luo,zhen an
2590,shan xi,shang luo,zuo shui
2591,shan xi,yu lin,yu yang
2592,shan xi,yu lin,heng shan
2593,shan xi,yu lin,shen mu
2594,shan xi,yu lin,fu gu
2595,shan xi,yu lin,jing bian
2596,shan xi,yu lin,ding bian
2597,shan xi,yu lin,sui de
2598,shan xi,yu lin,mi zhi
2599,shan xi,yu lin,jia
2600,shan xi,yu lin,wu bao
2601,shan xi,yu lin,qing jian
2602,shan xi,yu lin,zi zhou
2603,gan su,lan zhou,cheng guan
2604,gan su,lan zhou,qi li he
2605,gan su,lan zhou,xi gu
2606,gan su,lan zhou,an ning
2607,gan su,lan zhou,hong gu
2608,gan su,lan zhou,yong deng
2609,gan su,lan zhou,gao lan
2610,gan su,lan zhou,yu zhong
2611,gan su,jia yu guan,jia yu guan
2612,gan su,jin chang,jin chuan
2613,gan su,jin chang,yong chang
2614,gan su,bai yin,bai yin
2615,gan su,bai yin,ping chuan
2616,gan su,bai yin,jing yuan
2617,gan su,bai yin,hui ning
2618,gan su,bai yin,jing tai
2619,gan su,tian shui,qin zhou
2620,gan su,tian shui,mai ji
2621,gan su,tian shui,qing shui
2622,gan su,tian shui,qin an
2623,gan su,tian shui,gan gu
2624,gan su,tian shui,wu shan
2625,gan su,tian shui,zhang jia chuan hui
2626,gan su,jiu quan,su zhou
2627,gan su,jiu quan,yu men
2628,gan su,jiu quan,dun huang
2629,gan su,jiu quan,jin ta
2630,gan su,jiu quan,su bei meng gu
2631,gan su,jiu quan,a ke sai ha sa ke
2632,gan su,jiu quan,an xi
2633,gan su,zhang ye,gan zhou
2634,gan su,zhang ye,su nan yu gu
2635,gan su,zhang ye,min le
2636,gan su,zhang ye,lin ze
2637,gan su,zhang ye,gao tai
2638,gan su,zhang ye,shan dan
2639,gan su,wu wei,liang zhou
2640,gan su,wu wei,min qin
2641,gan su,wu wei,gu lang
2642,gan su,wu wei,tian zhu cang
2643,gan su,ding xi,an ding
2644,gan su,ding xi,tong wei
2645,gan su,ding xi,long xi
2646,gan su,ding xi,wei yuan
2647,gan su,ding xi,lin tao
2648,gan su,ding xi,zhang
2649,gan su,ding xi,min
2650,gan su,long nan,wu du
2651,gan su,long nan,dang chang
2652,gan su,long nan,cheng
2653,gan su,long nan,kang
2654,gan su,long nan,wen
2655,gan su,long nan,xi he
2656,gan su,long nan,li
2657,gan su,long nan,liang dang
2658,gan su,long nan,hui
2659,gan su,ping liang,kong tong
2660,gan su,ping liang,jing chuan
2661,gan su,ping liang,ling tai
2662,gan su,ping liang,chong xin
2663,gan su,ping liang,hua ting
2664,gan su,ping liang,zhuang lang
2665,gan su,ping liang,jing ning
2666,gan su,qing yang,xi feng
2667,gan su,qing yang,qing cheng
2668,gan su,qing yang,huan
2669,gan su,qing yang,hua chi
2670,gan su,qing yang,he shui
2671,gan su,qing yang,zheng ning
2672,gan su,qing yang,ning
2673,gan su,qing yang,zhen yuan
2674,gan su,lin xia hui,lin xia
2675,gan su,lin xia hui,lin xia
2676,gan su,lin xia hui,kang le
2677,gan su,lin xia hui,yong jing
2678,gan su,lin xia hui,guang he
2679,gan su,lin xia hui,he zheng
2680,gan su,lin xia hui,dong xiang
2681,gan su,lin xia hui,ji shi shan bao an dong xiang sa la
2682,gan su,gan nan cang,he zuo
2683,gan su,gan nan cang,lin tan
2684,gan su,gan nan cang,zhuo ni
2685,gan su,gan nan cang,zhou qu
2686,gan su,gan nan cang,die bu
2687,gan su,gan nan cang,ma qu
2688,gan su,gan nan cang,lu qu
2689,gan su,gan nan cang,xia he
2690,qing hai,xi ning,cheng dong
2691,qing hai,xi ning,cheng zhong
2692,qing hai,xi ning,cheng xi
2693,qing hai,xi ning,cheng bei
2694,qing hai,xi ning,huang zhong
2695,qing hai,xi ning,huang yuan
2696,qing hai,xi ning,da tong hui tu
2697,qing hai,hai dong,le du
2698,qing hai,hai dong,ping an
2699,qing hai,hai dong,min he hui tu
2700,qing hai,hai dong,hu zhu tu
2701,qing hai,hai dong,hua long hui
2702,qing hai,hai dong,xun hua sa la
2703,qing hai,hai bei cang,men yuan hui
2704,qing hai,hai bei cang,qi lian
2705,qing hai,hai bei cang,hai yan
2706,qing hai,hai bei cang,gang cha
2707,qing hai,huang nan cang,tong ren
2708,qing hai,huang nan cang,jian zha
2709,qing hai,huang nan cang,ze ku
2710,qing hai,huang nan cang,he nan meng gu
2711,qing hai,hai nan cang,gong he
2712,qing hai,hai nan cang,tong de
2713,qing hai,hai nan cang,gui de
2714,qing hai,hai nan cang,xing hai
2715,qing hai,hai nan cang,gui nan
2716,qing hai,guo luo cang,ma qin
2717,qing hai,guo luo cang,ban ma
2718,qing hai,guo luo cang,gan de
2719,qing hai,guo luo cang,da ri
2720,qing hai,guo luo cang,jiu zhi
2721,qing hai,guo luo cang,ma duo
2722,qing hai,yu shu cang,yu shu
2723,qing hai,yu shu cang,za duo
2724,qing hai,yu shu cang,cheng duo
2725,qing hai,yu shu cang,zhi duo
2726,qing hai,yu shu cang,nang qian
2727,qing hai,yu shu cang,qu ma lai
2728,qing hai,hai xi meng gu cang,ge er mu
2729,qing hai,hai xi meng gu cang,de ling ha
2730,qing hai,hai xi meng gu cang,wu lan
2731,qing hai,hai xi meng gu cang,du lan
2732,qing hai,hai xi meng gu cang,tian jun
2733,ning xia,yin chuan,xing qing
2734,ning xia,yin chuan,xi xia
2735,ning xia,yin chuan,jin feng
2736,ning xia,yin chuan,yong ning
2737,ning xia,yin chuan,he lan
2738,ning xia,yin chuan,ling wu
2739,ning xia,shi zui shan,da wu kou
2740,ning xia,shi zui shan,hui nong
2741,ning xia,shi zui shan,ping luo
2742,ning xia,wu zhong,li tong
2743,ning xia,wu zhong,hong si bao
2744,ning xia,wu zhong,yan chi
2745,ning xia,wu zhong,tong xin
2746,ning xia,wu zhong,qing tong xia
2747,ning xia,gu yuan,yuan zhou
2748,ning xia,gu yuan,xi ji
2749,ning xia,gu yuan,long de
2750,ning xia,gu yuan,jing yuan
2751,ning xia,gu yuan,peng yang
2752,ning xia,zhong wei,sha po tou
2753,ning xia,zhong wei,zhong ning
2754,ning xia,zhong wei,hai yuan
2755,xin jiang,wu lu mu qi,tian shan
2756,xin jiang,wu lu mu qi,sha yi ba ke
2757,xin jiang,wu lu mu qi,xin
2758,xin jiang,wu lu mu qi,shui mo gou
2759,xin jiang,wu lu mu qi,tou tun he
2760,xin jiang,wu lu mu qi,nan shan kuang
2761,xin jiang,wu lu mu qi,dong shan
2762,xin jiang,wu lu mu qi,wu lu mu qi
2763,xin jiang,ke la ma yi,du shan zi
2764,xin jiang,ke la ma yi,ke la ma yi
2765,xin jiang,ke la ma yi,bai jian tan
2766,xin jiang,ke la ma yi,wu er he
2767,xin jiang,tu lu fan di,tu lu fan
2768,xin jiang,tu lu fan di,shan shan
2769,xin jiang,tu lu fan di,tuo ke xun
2770,xin jiang,ha mi di,ha mi
2771,xin jiang,ha mi di,ba li kun ha sa ke
2772,xin jiang,ha mi di,yi wu
2773,xin jiang,chang ji hui,chang ji
2774,xin jiang,chang ji hui,fu kang
2775,xin jiang,chang ji hui,hu tu bi
2776,xin jiang,chang ji hui,ma na si
2777,xin jiang,chang ji hui,qi tai
2778,xin jiang,chang ji hui,ji mu sa er
2779,xin jiang,chang ji hui,mu lei ha sa ke
2780,xin jiang,bo er ta la meng gu,a la shan kou
2781,xin jiang,bo er ta la meng gu,bo le
2782,xin jiang,bo er ta la meng gu,jing he
2783,xin jiang,bo er ta la meng gu,wen quan
2784,xin jiang,ba yin guo leng meng gu,ku er le
2785,xin jiang,ba yin guo leng meng gu,lun tai
2786,xin jiang,ba yin guo leng meng gu,wei li
2787,xin jiang,ba yin guo leng meng gu,ruo qiang
2788,xin jiang,ba yin guo leng meng gu,qie mo
2789,xin jiang,ba yin guo leng meng gu,yan qi hui
2790,xin jiang,ba yin guo leng meng gu,he jing
2791,xin jiang,ba yin guo leng meng gu,he shuo
2792,xin jiang,ba yin guo leng meng gu,bo hu
2793,xin jiang,a ke su di,a ke su
2794,xin jiang,a ke su di,wen su
2795,xin jiang,a ke su di,ku che
2796,xin jiang,a ke su di,sha ya
2797,xin jiang,a ke su di,xin he
2798,xin jiang,a ke su di,bai cheng
2799,xin jiang,a ke su di,wu shi
2800,xin jiang,a ke su di,a wa ti
2801,xin jiang,a ke su di,ke ping
2802,xin jiang,ke zi le su ke er ke zi,a tu shi
2803,xin jiang,ke zi le su ke er ke zi,a ke tao
2804,xin jiang,ke zi le su ke er ke zi,a he qi
2805,xin jiang,ke zi le su ke er ke zi,wu qia
2806,xin jiang,ka shi di,ka shi
2807,xin jiang,ka shi di,shu fu
2808,xin jiang,ka shi di,shu le
2809,xin jiang,ka shi di,ying ji sha
2810,xin jiang,ka shi di,ze pu
2811,xin jiang,ka shi di,sha che
2812,xin jiang,ka shi di,ye cheng
2813,xin jiang,ka shi di,mai gai ti
2814,xin jiang,ka shi di,yue pu hu
2815,xin jiang,ka shi di,qie shi
2816,xin jiang,ka shi di,ba chu
2817,xin jiang,ka shi di,ta shi ku er gan ta ji ke
2818,xin jiang,he tian di,he tian
2819,xin jiang,he tian di,he tian
2820,xin jiang,he tian di,mo yu
2821,xin jiang,he tian di,pi shan
2822,xin jiang,he tian di,luo pu
2823,xin jiang,he tian di,ce le
2824,xin jiang,he tian di,yu tian
2825,xin jiang,he tian di,min feng
2826,xin jiang,yi li ha sa ke,kui tun
2827,xin jiang,yi li ha sa ke,huo er guo si
2828,xin jiang,yi li ha sa ke,yi ning
2829,xin jiang,yi li ha sa ke,yi ning
2830,xin jiang,yi li ha sa ke,cha bu cha er xi bo
2831,xin jiang,yi li ha sa ke,huo cheng
2832,xin jiang,yi li ha sa ke,gong liu
2833,xin jiang,yi li ha sa ke,xin yuan
2834,xin jiang,yi li ha sa ke,zhao su
2835,xin jiang,yi li ha sa ke,te ke si
2836,xin jiang,yi li ha sa ke,ni le ke
2837,xin jiang,ta cheng di,ta cheng
2838,xin jiang,ta cheng di,wu su
2839,xin jiang,ta cheng di,e min
2840,xin jiang,ta cheng di,sha wan
2841,xin jiang,ta cheng di,tuo li
2842,xin jiang,ta cheng di,yu min
2843,xin jiang,ta cheng di,he bu ke sai er meng gu
2844,xin jiang,a le tai di,a le tai
2845,xin jiang,a le tai di,bu er jin
2846,xin jiang,a le tai di,fu yun
2847,xin jiang,a le tai di,fu hai
2848,xin jiang,a le tai di,ha ba he
2849,xin jiang,a le tai di,qing he
2850,xin jiang,a le tai di,ji mu nai
2851,xin jiang,zhi xia dan wei,shi he zi
2852,xin jiang,zhi xia dan wei,a la er
2853,xin jiang,zhi xia dan wei,tu mu shu ke
2854,xin jiang,zhi xia dan wei,bei tun
2855,xin jiang,zhi xia dan wei,tie men guan
2856,xin jiang,zhi xia dan wei,shuang he
2857,xin jiang,zhi xia dan wei,wu jia qu
2858,tai wan,tai bei,n a n
2859,tai wan,gao xiong,n a n
2860,tai wan,ji long,n a n
2861,tai wan,tai zhong,n a n
2862,tai wan,tai nan,n a n
2863,tai wan,xin zhu,n a n
2864,tai wan,jia yi,n a n
2865,tai wan,xin bei,n a n
2866,tai wan,yi lan,n a n
2867,tai wan,tao yuan,n a n
2868,tai wan,xin zhu,n a n
2869,tai wan,miao li,n a n
2870,tai wan,zhang hua,n a n
2871,tai wan,nan tou,n a n
2872,tai wan,yun lin,n a n
2873,tai wan,jia yi,n a n
2874,tai wan,ping dong,n a n
2875,tai wan,tai dong,n a n
2876,tai wan,hua lian,n a n
2877,tai wan,peng hu,n a n
2878,xiang gang,n a n,n a n
2879,ao men,n a n,n a n
