Province,Prefecture,county
beijing,beijing,dongcheng
beijing,beijing,xicheng
beijing,beijing,zhaoyang
beijing,beijing,fengtai
beijing,beijing,shijingshan
beijing,beijing,haidian
beijing,beijing,mentougou
beijing,beijing,fangshan
beijing,beijing,tongzhou
beijing,beijing,shunyi
beijing,beijing,changping
beijing,beijing,daxing
beijing,beijing,daxing
beijing,beijing,huairou
beijing,beijing,miyun
beijing,beijing,yanqing
tianjin,tianjin,heping
tianjin,tianjin,hedong
tianjin,tianjin,hexi
tianjin,tianjin,nankai
tianjin,tianjin,hebei
tianjin,tianjin,hongqiao
tianjin,tianjin,dongli
tianjin,tianjin,xiqing
tianjin,tianjin,jinnan
tianjin,tianjin,beichen
tianjin,tianjin,wuqing
tianjin,tianjin,baochi
tianjin,tianjin,ninghe
tianjin,tianjin,jinghai
tianjin,tianjin,binhaixin
tianjin,tianjin,jizhou
hebei,shijiazhuang,changan
hebei,shijiazhuang,yuhua
hebei,shijiazhuang,qiaoxi
hebei,shijiazhuang,xinhua
hebei,shijiazhuang,gaocheng
hebei,shijiazhuang,luquan
hebei,shijiazhuang,luancheng
hebei,shijiazhuang,jingxingkuang
hebei,shijiazhuang,jingxing
hebei,shijiazhuang,zhengding
hebei,shijiazhuang,luancheng
hebei,shijiazhuang,xingtang
hebei,shijiazhuang,lingshou
hebei,shijiazhuang,gaoyi
hebei,shijiazhuang,shenze
hebei,shijiazhuang,zanhuang
hebei,shijiazhuang,wuji
hebei,shijiazhuang,pingshan
hebei,shijiazhuang,yuanshi
hebei,shijiazhuang,zhao
hebei,shijiazhuang,xinji
hebei,shijiazhuang,jinzhou
hebei,shijiazhuang,xinle
hebei,tangshan,lunan
hebei,tangshan,lubei
hebei,tangshan,guye
hebei,tangshan,kaiping
hebei,tangshan,fengrun
hebei,tangshan,fengnan
hebei,tangshan,caofeidian
hebei,tangshan,zunhua
hebei,tangshan,qianan
hebei,tangshan,luan
hebei,tangshan,luannan
hebei,tangshan,leting
hebei,tangshan,qianxi
hebei,tangshan,yutian
hebei,qinhuangdao,haigang
hebei,qinhuangdao,shanhaiguan
hebei,qinhuangdao,beidaihe
hebei,qinhuangdao,funing
hebei,qinhuangdao,changli
hebei,qinhuangdao,lulong
hebei,qinhuangdao,qinglong
hebei,handan,hanshan
hebei,handan,congtai
hebei,handan,fuxing
hebei,handan,fengfeng
hebei,handan,feixiang
hebei,handan,yongnian
hebei,handan,chengan
hebei,handan,daming
hebei,handan,she
hebei,handan,ci
hebei,handan,linzhang
hebei,handan,qiu
hebei,handan,jize
hebei,handan,guangping
hebei,handan,guantao
hebei,handan,wei
hebei,handan,quzhou
hebei,handan,wuan
hebei,xingtai,qiaodong
hebei,xingtai,qiaoxi
hebei,xingtai,xingtai
hebei,xingtai,lincheng
hebei,xingtai,neiqiu
hebei,xingtai,baixiang
hebei,xingtai,longyao
hebei,xingtai,ren
hebei,xingtai,nanhe
hebei,xingtai,ningjin
hebei,xingtai,julu
hebei,xingtai,xinhe
hebei,xingtai,guangzong
hebei,xingtai,pingxiang
hebei,xingtai,wei
hebei,xingtai,qinghe
hebei,xingtai,linxi
hebei,xingtai,nangong
hebei,xingtai,shahe
hebei,baoding,jingxiu
hebei,baoding,lianchi
hebei,baoding,mancheng
hebei,baoding,qingyuan
hebei,baoding,xushui
hebei,baoding,laishui
hebei,baoding,fuping
hebei,baoding,dingxing
hebei,baoding,tang
hebei,baoding,gaoyang
hebei,baoding,rongcheng
hebei,baoding,laiyuan
hebei,baoding,wangdu
hebei,baoding,anxin
hebei,baoding,yi
hebei,baoding,quyang
hebei,baoding,li
hebei,baoding,shunping
hebei,baoding,boye
hebei,baoding,xiong
hebei,baoding,zhuozhou
hebei,baoding,dingzhou
hebei,baoding,anguo
hebei,baoding,gaobeidian
hebei,zhangjiakou,qiaodong
hebei,zhangjiakou,qiaoxi
hebei,zhangjiakou,xuanhua
hebei,zhangjiakou,xiahuayuan
hebei,zhangjiakou,wanquan
hebei,zhangjiakou,chongli
hebei,zhangjiakou,zhangbei
hebei,zhangjiakou,kangbao
hebei,zhangjiakou,guyuan
hebei,zhangjiakou,shangyi
hebei,zhangjiakou,wei
hebei,zhangjiakou,yangyuan
hebei,zhangjiakou,huaian
hebei,zhangjiakou,huailai
hebei,zhangjiakou,zhuolu
hebei,zhangjiakou,chicheng
hebei,chengde,shuangqiao
hebei,chengde,shuangluan
hebei,chengde,yingshouyingzi
hebei,chengde,chengde
hebei,chengde,xinglong
hebei,chengde,pingquan
hebei,chengde,luanping
hebei,chengde,longhua
hebei,chengde,fengning
hebei,chengde,kuancheng
hebei,chengde,weichang
hebei,cangzhou,xinhua
hebei,cangzhou,yunhe
hebei,cangzhou,cang
hebei,cangzhou,qing
hebei,cangzhou,dongguang
hebei,cangzhou,haixing
hebei,cangzhou,yanshan
hebei,cangzhou,suning
hebei,cangzhou,nanpi
hebei,cangzhou,wuqiao
hebei,cangzhou,xian
hebei,cangzhou,mengcun
hebei,cangzhou,botou
hebei,cangzhou,renqiu
hebei,cangzhou,huanghua
hebei,cangzhou,hejian
hebei,langfang,guangyang
hebei,langfang,anci
hebei,langfang,guan
hebei,langfang,yongqing
hebei,langfang,xianghe
hebei,langfang,dacheng
hebei,langfang,wenan
hebei,langfang,dachang
hebei,langfang,bazhou
hebei,langfang,sanhe
hebei,hengshui,taocheng
hebei,hengshui,jizhou
hebei,hengshui,zaoqiang
hebei,hengshui,wuyi
hebei,hengshui,wuqiang
hebei,hengshui,raoyang
hebei,hengshui,anping
hebei,hengshui,gucheng
hebei,hengshui,jing
hebei,hengshui,fucheng
hebei,hengshui,shenzhou
shanxi,taiyuan,xiaodian
shanxi,taiyuan,yingze
shanxi,taiyuan,xinghualing
shanxi,taiyuan,jiancaoping
shanxi,taiyuan,wanbailin
shanxi,taiyuan,jinyuan
shanxi,taiyuan,qingxu
shanxi,taiyuan,yangqu
shanxi,taiyuan,loufan
shanxi,taiyuan,gujiao
shanxi,datong,cheng
shanxi,datong,kuang
shanxi,datong,nanjiao
shanxi,datong,xinrong
shanxi,datong,yanggao
shanxi,datong,tianzhen
shanxi,datong,guangling
shanxi,datong,lingqiu
shanxi,datong,hunyuan
shanxi,datong,zuoyun
shanxi,datong,datong
shanxi,yangquan,cheng
shanxi,yangquan,kuang
shanxi,yangquan,jiao
shanxi,yangquan,pingding
shanxi,yangquan,yu
shanxi,changzhi,cheng
shanxi,changzhi,jiao
shanxi,changzhi,changzhi
shanxi,changzhi,xiangyuan
shanxi,changzhi,tunliu
shanxi,changzhi,pingshun
shanxi,changzhi,licheng
shanxi,changzhi,huguan
shanxi,changzhi,zhangzi
shanxi,changzhi,wuxiang
shanxi,changzhi,qin
shanxi,changzhi,qinyuan
shanxi,changzhi,lucheng
shanxi,jincheng,cheng
shanxi,jincheng,qinshui
shanxi,jincheng,yangcheng
shanxi,jincheng,lingchuan
shanxi,jincheng,zezhou
shanxi,jincheng,gaoping
shanxi,shuozhou,shuocheng
shanxi,shuozhou,pinglu
shanxi,shuozhou,shanyin
shanxi,shuozhou,ying
shanxi,shuozhou,youyu
shanxi,shuozhou,huairen
shanxi,xinzhou,xinfu
shanxi,xinzhou,yuanping
shanxi,xinzhou,dingxiang
shanxi,xinzhou,wutai
shanxi,xinzhou,dai
shanxi,xinzhou,fanshi
shanxi,xinzhou,ningwu
shanxi,xinzhou,jingle
shanxi,xinzhou,shenchi
shanxi,xinzhou,wuzhai
shanxi,xinzhou,kelan
shanxi,xinzhou,hequ
shanxi,xinzhou,baode
shanxi,xinzhou,pianguan
shanxi,lvliang,lishi
shanxi,lvliang,xiaoyi
shanxi,lvliang,fenyang
shanxi,lvliang,wenshui
shanxi,lvliang,jiaocheng
shanxi,lvliang,xing
shanxi,lvliang,lin
shanxi,lvliang,liulin
shanxi,lvliang,shilou
shanxi,lvliang,lan
shanxi,lvliang,fangshan
shanxi,lvliang,zhongyang
shanxi,lvliang,jiaokou
shanxi,jinzhong,yuci
shanxi,jinzhong,jiexiu
shanxi,jinzhong,yushe
shanxi,jinzhong,zuoquan
shanxi,jinzhong,heshun
shanxi,jinzhong,xiyang
shanxi,jinzhong,shouyang
shanxi,jinzhong,taigu
shanxi,jinzhong,qi
shanxi,jinzhong,pingyao
shanxi,jinzhong,lingshi
shanxi,linfen,yaodu
shanxi,linfen,houma
shanxi,linfen,huozhou
shanxi,linfen,quwo
shanxi,linfen,yicheng
shanxi,linfen,xiangfen
shanxi,linfen,hongdong
shanxi,linfen,gu
shanxi,linfen,anze
shanxi,linfen,fushan
shanxi,linfen,ji
shanxi,linfen,xiangning
shanxi,linfen,pu
shanxi,linfen,daning
shanxi,linfen,yonghe
shanxi,linfen,xi
shanxi,linfen,fenxi
shanxi,yuncheng,yanhu
shanxi,yuncheng,yongji
shanxi,yuncheng,hejin
shanxi,yuncheng,ruicheng
shanxi,yuncheng,linyi
shanxi,yuncheng,wanrong
shanxi,yuncheng,xinjiang
shanxi,yuncheng,jishan
shanxi,yuncheng,wenxi
shanxi,yuncheng,xia
shanxi,yuncheng,jiang
shanxi,yuncheng,pinglu
shanxi,yuncheng,yuanqu
neimenggu,huhehaote,xincheng
neimenggu,huhehaote,huimin
neimenggu,huhehaote,yuquan
neimenggu,huhehaote,saihan
neimenggu,huhehaote,tumotezuo
neimenggu,huhehaote,tuoketuo
neimenggu,huhehaote,helingeer
neimenggu,huhehaote,qingshuihe
neimenggu,huhehaote,wuchuan
neimenggu,baotou,donghe
neimenggu,baotou,kundulun
neimenggu,baotou,qingshan
neimenggu,baotou,shiguai
neimenggu,baotou,baiyunebokuang
neimenggu,baotou,jiuyuan
neimenggu,baotou,tumoteyou
neimenggu,baotou,guyang
neimenggu,baotou,daerhanmaominganlianhe
neimenggu,wuhai,haibowan
neimenggu,wuhai,hainan
neimenggu,wuhai,wuda
neimenggu,chifeng,hongshan
neimenggu,chifeng,yuanbaoshan
neimenggu,chifeng,songshan
neimenggu,chifeng,alukeerqin
neimenggu,chifeng,balinzuo
neimenggu,chifeng,balinyou
neimenggu,chifeng,linxi
neimenggu,chifeng,keshiketeng
neimenggu,chifeng,wengniute
neimenggu,chifeng,kalaqin
neimenggu,chifeng,ningcheng
neimenggu,chifeng,aohan
neimenggu,hulunbeier,hailaer
neimenggu,hulunbeier,zhalainuoer
neimenggu,hulunbeier,manzhouli
neimenggu,hulunbeier,zhalantun
neimenggu,hulunbeier,yakeshi
neimenggu,hulunbeier,genhe
neimenggu,hulunbeier,eerguna
neimenggu,hulunbeier,arong
neimenggu,hulunbeier,molidawadawoerzizhi
neimenggu,hulunbeier,elunchunzizhi
neimenggu,hulunbeier,ewenkezizhi
neimenggu,hulunbeier,xinbaerhuyou
neimenggu,hulunbeier,xinbaerhuzuo
neimenggu,hulunbeier,chenbaerhu
neimenggu,xingan,wulanhaote
neimenggu,xingan,aershan
neimenggu,xingan,keerqinyouyiqian
neimenggu,xingan,keerqinyouyizhong
neimenggu,xingan,zhalaite
neimenggu,xingan,tuquan
neimenggu,tongliao,keerqin
neimenggu,tongliao,huolinguole
neimenggu,tongliao,keerqinzuoyizhong
neimenggu,tongliao,keerqinzuoyihou
neimenggu,tongliao,kailu
neimenggu,tongliao,kulun
neimenggu,tongliao,naiman
neimenggu,tongliao,zhalute
neimenggu,xilinguole,erlianhaote
neimenggu,xilinguole,xilinhaote
neimenggu,xilinguole,abaga
neimenggu,xilinguole,sunitezuo
neimenggu,xilinguole,suniteyou
neimenggu,xilinguole,dongwuzhumuqin
neimenggu,xilinguole,xiwuzhumuqin
neimenggu,xilinguole,taipusi
neimenggu,xilinguole,xianghuang
neimenggu,xilinguole,zhengxiangbai
neimenggu,xilinguole,zhenglan
neimenggu,xilinguole,duolun
neimenggu,wulanchabu,jining
neimenggu,wulanchabu,fengzhen
neimenggu,wulanchabu,zhuozi
neimenggu,wulanchabu,huade
neimenggu,wulanchabu,shangdu
neimenggu,wulanchabu,xinghe
neimenggu,wulanchabu,liangcheng
neimenggu,wulanchabu,chahaeryouyiqian
neimenggu,wulanchabu,chahaeryouyizhong
neimenggu,wulanchabu,chahaeryouyihou
neimenggu,wulanchabu,siziwang
neimenggu,eerduosi,dongsheng
neimenggu,eerduosi,kangbashi
neimenggu,eerduosi,dalate
neimenggu,eerduosi,zhungeer
neimenggu,eerduosi,etuokeqian
neimenggu,eerduosi,etuoke
neimenggu,eerduosi,hangjin
neimenggu,eerduosi,yijinhuoluo
neimenggu,bayannaoer,linhe
neimenggu,bayannaoer,wuyuan
neimenggu,bayannaoer,dengkou
neimenggu,bayannaoer,wulateqian
neimenggu,bayannaoer,wulatezhong
neimenggu,bayannaoer,wulatehou
neimenggu,bayannaoer,hangjinhou
neimenggu,alashan,alashanzuo
neimenggu,alashan,alashanyou
neimenggu,alashan,ejina
liaoning,shenyang,heping
liaoning,shenyang,shenhe
liaoning,shenyang,dadong
liaoning,shenyang,huanggu
liaoning,shenyang,tiexi
liaoning,shenyang,sujiatun
liaoning,shenyang,hunnan
liaoning,shenyang,shenbeixin
liaoning,shenyang,yuhong
liaoning,shenyang,liaozhong
liaoning,shenyang,kangping
liaoning,shenyang,faku
liaoning,shenyang,xinmin
liaoning,dalian,zhongshan
liaoning,dalian,xigang
liaoning,dalian,shahekou
liaoning,dalian,ganjingzi
liaoning,dalian,lvshunkou
liaoning,dalian,jinzhou
liaoning,dalian,pulandian
liaoning,dalian,wafangdian
liaoning,dalian,zhuanghe
liaoning,dalian,changhai
liaoning,anshan,tiedong
liaoning,anshan,tiexi
liaoning,anshan,lishan
liaoning,anshan,qianshan
liaoning,anshan,taian
liaoning,anshan,xiuyanman
liaoning,anshan,haicheng
liaoning,fushun,xinfu
liaoning,fushun,dongzhou
liaoning,fushun,wanghua
liaoning,fushun,shuncheng
liaoning,fushun,fushun
liaoning,fushun,xinbinman
liaoning,fushun,qingyuanman
liaoning,benxi,pingshan
liaoning,benxi,xihu
liaoning,benxi,mingshan
liaoning,benxi,nanfen
liaoning,benxi,benximan
liaoning,benxi,huanrenman
liaoning,dandong,yuanbao
liaoning,dandong,zhenxing
liaoning,dandong,zhenan
liaoning,dandong,kuandianman
liaoning,dandong,donggang
liaoning,dandong,fengcheng
liaoning,jinzhou,guta
liaoning,jinzhou,linghe
liaoning,jinzhou,taihe
liaoning,jinzhou,heishan
liaoning,jinzhou,yi
liaoning,jinzhou,linghai
liaoning,jinzhou,beizhen
liaoning,yingkou,zhanqian
liaoning,yingkou,xi
liaoning,yingkou,boyuquan
liaoning,yingkou,laobian
liaoning,yingkou,gaizhou
liaoning,yingkou,dashiqiao
liaoning,fuxin,haizhou
liaoning,fuxin,xinqiu
liaoning,fuxin,taiping
liaoning,fuxin,qinghemen
liaoning,fuxin,xihe
liaoning,fuxin,fuxinmenggu
liaoning,fuxin,zhangwu
liaoning,liaoyang,baita
liaoning,liaoyang,wensheng
liaoning,liaoyang,hongwei
liaoning,liaoyang,gongchangling
liaoning,liaoyang,taizihe
liaoning,liaoyang,liaoyang
liaoning,liaoyang,dengta
liaoning,panjin,shuangtaizi
liaoning,panjin,xinglongtai
liaoning,panjin,dawa
liaoning,panjin,panshan
liaoning,tieling,yinzhou
liaoning,tieling,qinghe
liaoning,tieling,tieling
liaoning,tieling,xifeng
liaoning,tieling,changtu
liaoning,tieling,diaobingshan
liaoning,tieling,kaiyuan
liaoning,zhaoyang,shuangta
liaoning,zhaoyang,longcheng
liaoning,zhaoyang,zhaoyang
liaoning,zhaoyang,jianping
liaoning,zhaoyang,kalaqinzuoyimenggu
liaoning,zhaoyang,beipiao
liaoning,zhaoyang,lingyuan
liaoning,huludao,lianshan
liaoning,huludao,longgang
liaoning,huludao,nanpiao
liaoning,huludao,suizhong
liaoning,huludao,jianchang
liaoning,huludao,xingcheng
jilin,changchun,nanguan
jilin,changchun,kuancheng
jilin,changchun,zhaoyang
jilin,changchun,erdao
jilin,changchun,lvyuan
jilin,changchun,shuangyang
jilin,changchun,jiutai
jilin,changchun,nongan
jilin,changchun,yushu
jilin,changchun,dehui
jilin,jilin,changyi
jilin,jilin,longtan
jilin,jilin,chuanying
jilin,jilin,fengman
jilin,jilin,yongji
jilin,jilin,jiaohe
jilin,jilin,huadian
jilin,jilin,shulan
jilin,jilin,panshi
jilin,siping,tiexi
jilin,siping,tiedong
jilin,siping,lishu
jilin,siping,yitongman
jilin,siping,gongzhuling
jilin,siping,shuangliao
jilin,liaoyuan,longshan
jilin,liaoyuan,xian
jilin,liaoyuan,dongfeng
jilin,liaoyuan,dongliao
jilin,tonghua,dongchang
jilin,tonghua,erdaojiang
jilin,tonghua,tonghua
jilin,tonghua,huinan
jilin,tonghua,liuhe
jilin,tonghua,meihekou
jilin,tonghua,jian
jilin,baishan,hunjiang
jilin,baishan,jiangyuan
jilin,baishan,fusong
jilin,baishan,jingyu
jilin,baishan,changbaizhaoxian
jilin,baishan,linjiang
jilin,songyuan,ningjiang
jilin,songyuan,qianguoerluosimenggu
jilin,songyuan,changling
jilin,songyuan,ganan
jilin,songyuan,fuyu
jilin,baicheng,taobei
jilin,baicheng,zhenlai
jilin,baicheng,tongyu
jilin,baicheng,taonan
jilin,baicheng,daan
jilin,yanbianzhaoxianzizhizhou,yanji
jilin,yanbianzhaoxianzizhizhou,tumen
jilin,yanbianzhaoxianzizhizhou,dunhua
jilin,yanbianzhaoxianzizhizhou,hunchun
jilin,yanbianzhaoxianzizhizhou,longjing
jilin,yanbianzhaoxianzizhizhou,helong
jilin,yanbianzhaoxianzizhizhou,wangqing
jilin,yanbianzhaoxianzizhizhou,antu
heilongjiang,haerbin,daoli
heilongjiang,haerbin,nangang
heilongjiang,haerbin,daowai
heilongjiang,haerbin,songbei
heilongjiang,haerbin,xiangfang
heilongjiang,haerbin,acheng
heilongjiang,haerbin,pingfang
heilongjiang,haerbin,hulan
heilongjiang,haerbin,shuangcheng
heilongjiang,haerbin,yilan
heilongjiang,haerbin,fangzheng
heilongjiang,haerbin,bin
heilongjiang,haerbin,bayan
heilongjiang,haerbin,mulan
heilongjiang,haerbin,tonghe
heilongjiang,haerbin,yanshou
heilongjiang,haerbin,shangzhi
heilongjiang,haerbin,wuchang
heilongjiang,qiqihaer,longsha
heilongjiang,qiqihaer,jianhua
heilongjiang,qiqihaer,tiefeng
heilongjiang,qiqihaer,angangxi
heilongjiang,qiqihaer,fulaerji
heilongjiang,qiqihaer,nianzishan
heilongjiang,qiqihaer,meilisidawoer
heilongjiang,qiqihaer,longjiang
heilongjiang,qiqihaer,yian
heilongjiang,qiqihaer,tailai
heilongjiang,qiqihaer,gannan
heilongjiang,qiqihaer,fuyu
heilongjiang,qiqihaer,keshan
heilongjiang,qiqihaer,kedong
heilongjiang,qiqihaer,baiquan
heilongjiang,qiqihaer,nehe
heilongjiang,jixi,jiguan
heilongjiang,jixi,hengshan
heilongjiang,jixi,didao
heilongjiang,jixi,lishu
heilongjiang,jixi,chengzihe
heilongjiang,jixi,mashan
heilongjiang,jixi,jidong
heilongjiang,jixi,hulin
heilongjiang,jixi,mishan
heilongjiang,hegang,xiangyang
heilongjiang,hegang,gongnong
heilongjiang,hegang,nanshan
heilongjiang,hegang,xingan
heilongjiang,hegang,dongshan
heilongjiang,hegang,xingshan
heilongjiang,hegang,luobei
heilongjiang,hegang,suibin
heilongjiang,shuangyashan,jianshan
heilongjiang,shuangyashan,lingdong
heilongjiang,shuangyashan,sifangtai
heilongjiang,shuangyashan,baoshan
heilongjiang,shuangyashan,jixian
heilongjiang,shuangyashan,youyi
heilongjiang,shuangyashan,baoqing
heilongjiang,shuangyashan,raohe
heilongjiang,daqing,saertu
heilongjiang,daqing,longfeng
heilongjiang,daqing,ranghulu
heilongjiang,daqing,honggang
heilongjiang,daqing,datong
heilongjiang,daqing,zhaozhou
heilongjiang,daqing,zhaoyuan
heilongjiang,daqing,lindian
heilongjiang,daqing,duerbotemenggu
heilongjiang,yichun,yichun
heilongjiang,yichun,nancha
heilongjiang,yichun,youhao
heilongjiang,yichun,xilin
heilongjiang,yichun,cuiluan
heilongjiang,yichun,xinqing
heilongjiang,yichun,meixi
heilongjiang,yichun,jinshantun
heilongjiang,yichun,wuying
heilongjiang,yichun,wumahe
heilongjiang,yichun,tangwanghe
heilongjiang,yichun,dailing
heilongjiang,yichun,wuyiling
heilongjiang,yichun,hongxing
heilongjiang,yichun,shangganling
heilongjiang,yichun,jiayin
heilongjiang,yichun,tieli
heilongjiang,jiamusi,xiangyang
heilongjiang,jiamusi,qianjin
heilongjiang,jiamusi,dongfeng
heilongjiang,jiamusi,jiao
heilongjiang,jiamusi,huanan
heilongjiang,jiamusi,huachuan
heilongjiang,jiamusi,tangyuan
heilongjiang,jiamusi,fuyuan
heilongjiang,jiamusi,tongjiang
heilongjiang,jiamusi,fujin
heilongjiang,qitaihe,xinxing
heilongjiang,qitaihe,taoshan
heilongjiang,qitaihe,qiezihe
heilongjiang,qitaihe,boli
heilongjiang,mudanjiang,dongan
heilongjiang,mudanjiang,yangming
heilongjiang,mudanjiang,aimin
heilongjiang,mudanjiang,xian
heilongjiang,mudanjiang,dongning
heilongjiang,mudanjiang,linkou
heilongjiang,mudanjiang,suifenhe
heilongjiang,mudanjiang,hailin
heilongjiang,mudanjiang,ningan
heilongjiang,mudanjiang,muleng
heilongjiang,heihe,aihui
heilongjiang,heihe,nenjiang
heilongjiang,heihe,xunke
heilongjiang,heihe,sunwu
heilongjiang,heihe,beian
heilongjiang,heihe,wudalianchi
heilongjiang,suihua,beilin
heilongjiang,suihua,anda
heilongjiang,suihua,zhaodong
heilongjiang,suihua,hailun
heilongjiang,suihua,wangkui
heilongjiang,suihua,lanxi
heilongjiang,suihua,qinggang
heilongjiang,suihua,qingan
heilongjiang,suihua,mingshui
heilongjiang,suihua,suileng
heilongjiang,daxinganlingdi,huma
heilongjiang,daxinganlingdi,tahe
heilongjiang,daxinganlingdi,mohe
heilongjiang,daxinganlingdi,jiagedaqi
heilongjiang,daxinganlingdi,songling
heilongjiang,daxinganlingdi,xinlin
heilongjiang,daxinganlingdi,huzhong
shanghai,shanghai,huangpu
shanghai,shanghai,xuhui
shanghai,shanghai,changning
shanghai,shanghai,yangpu
shanghai,shanghai,hongkou
shanghai,shanghai,minxing
shanghai,shanghai,putuo
shanghai,shanghai,baoshan
shanghai,shanghai,jingan
shanghai,shanghai,songjiang
shanghai,shanghai,jiading
shanghai,shanghai,jinshan
shanghai,shanghai,qingpu
shanghai,shanghai,fengxian
shanghai,shanghai,pudongxin
shanghai,shanghai,chongming
jiangsu,nanjing,xuanwu
jiangsu,nanjing,qinhuai
jiangsu,nanjing,jianye
jiangsu,nanjing,gulou
jiangsu,nanjing,pukou
jiangsu,nanjing,qixia
jiangsu,nanjing,yuhuatai
jiangsu,nanjing,jiangning
jiangsu,nanjing,liuhe
jiangsu,nanjing,lishui
jiangsu,nanjing,gaochun
jiangsu,wuxi,binhu
jiangsu,wuxi,liangxi
jiangsu,wuxi,xishan
jiangsu,wuxi,huishan
jiangsu,wuxi,xinwu
jiangsu,wuxi,jiangyin
jiangsu,wuxi,yixing
jiangsu,xuzhou,gulou
jiangsu,xuzhou,yunlong
jiangsu,xuzhou,jiawang
jiangsu,xuzhou,quanshan
jiangsu,xuzhou,tongshan
jiangsu,xuzhou,feng
jiangsu,xuzhou,pei
jiangsu,xuzhou,suining
jiangsu,xuzhou,xinyi
jiangsu,xuzhou,peizhou
jiangsu,changzhou,tianning
jiangsu,changzhou,zhonglou
jiangsu,changzhou,xinbei
jiangsu,changzhou,wujin
jiangsu,changzhou,jintan
jiangsu,changzhou,liyang
jiangsu,suzhou,gusu
jiangsu,suzhou,huqiu
jiangsu,suzhou,wuzhong
jiangsu,suzhou,xiangcheng
jiangsu,suzhou,wujiang
jiangsu,suzhou,changshu
jiangsu,suzhou,zhangjiagang
jiangsu,suzhou,kunshan
jiangsu,suzhou,taicang
jiangsu,nantong,chongchuan
jiangsu,nantong,gangzha
jiangsu,nantong,tongzhou
jiangsu,nantong,rudong
jiangsu,nantong,haian
jiangsu,nantong,qidong
jiangsu,nantong,rugao
jiangsu,nantong,haimen
jiangsu,lianyungang,lianyun
jiangsu,lianyungang,ganyu
jiangsu,lianyungang,xinpu
jiangsu,lianyungang,donghai
jiangsu,lianyungang,guanyun
jiangsu,lianyungang,guannan
jiangsu,huaian,huaian
jiangsu,huaian,qingjiangpu
jiangsu,huaian,huaiyin
jiangsu,huaian,hongze
jiangsu,huaian,lianshui
jiangsu,huaian,xuchi
jiangsu,huaian,jinhu
jiangsu,yancheng,tinghu
jiangsu,yancheng,dafeng
jiangsu,yancheng,yandu
jiangsu,yancheng,xiangshui
jiangsu,yancheng,binhai
jiangsu,yancheng,funing
jiangsu,yancheng,sheyang
jiangsu,yancheng,jianhu
jiangsu,yancheng,dongtai
jiangsu,yangzhou,guangling
jiangsu,yangzhou,jiangdu
jiangsu,yangzhou,hanjiang
jiangsu,yangzhou,baoying
jiangsu,yangzhou,yizheng
jiangsu,yangzhou,gaoyou
jiangsu,zhenjiang,jingkou
jiangsu,zhenjiang,runzhou
jiangsu,zhenjiang,dantu
jiangsu,zhenjiang,danyang
jiangsu,zhenjiang,yangzhong
jiangsu,zhenjiang,jurong
jiangsu,taizhou,hailing
jiangsu,taizhou,gaogang
jiangsu,taizhou,jiangyan
jiangsu,taizhou,xinghua
jiangsu,taizhou,jingjiang
jiangsu,taizhou,taixing
jiangsu,suqian,sucheng
jiangsu,suqian,suyu
jiangsu,suqian,shuyang
jiangsu,suqian,siyang
jiangsu,suqian,sihong
zhejiang,hangzhou,shangcheng
zhejiang,hangzhou,xiacheng
zhejiang,hangzhou,jianggan
zhejiang,hangzhou,gongshu
zhejiang,hangzhou,xihu
zhejiang,hangzhou,binjiang
zhejiang,hangzhou,yuhang
zhejiang,hangzhou,fuyang
zhejiang,hangzhou,xiaoshan
zhejiang,hangzhou,tonglu
zhejiang,hangzhou,chunan
zhejiang,hangzhou,jiande
zhejiang,hangzhou,linan
zhejiang,ningbo,haishu
zhejiang,ningbo,jiangbei
zhejiang,ningbo,beilun
zhejiang,ningbo,zhenhai
zhejiang,ningbo,yinzhou
zhejiang,ningbo,fenghua
zhejiang,ningbo,xiangshan
zhejiang,ningbo,ninghai
zhejiang,ningbo,yuyao
zhejiang,ningbo,cixi
zhejiang,wenzhou,lucheng
zhejiang,wenzhou,longwan
zhejiang,wenzhou,ouhai
zhejiang,wenzhou,dongtou
zhejiang,wenzhou,yongjia
zhejiang,wenzhou,pingyang
zhejiang,wenzhou,cangnan
zhejiang,wenzhou,wencheng
zhejiang,wenzhou,taishun
zhejiang,wenzhou,ruian
zhejiang,wenzhou,leqing
zhejiang,jiaxing,nanhu
zhejiang,jiaxing,xiuzhou
zhejiang,jiaxing,jiashan
zhejiang,jiaxing,haiyan
zhejiang,jiaxing,haining
zhejiang,jiaxing,pinghu
zhejiang,jiaxing,tongxiang
zhejiang,huzhou,wuxing
zhejiang,huzhou,nanxun
zhejiang,huzhou,deqing
zhejiang,huzhou,changxing
zhejiang,huzhou,anji
zhejiang,shaoxing,yuecheng
zhejiang,shaoxing,keqiao
zhejiang,shaoxing,shangyu
zhejiang,shaoxing,xinchang
zhejiang,shaoxing,zhuji
zhejiang,shaoxing,shengzhou
zhejiang,jinhua,wucheng
zhejiang,jinhua,jindong
zhejiang,jinhua,wuyi
zhejiang,jinhua,pujiang
zhejiang,jinhua,panan
zhejiang,jinhua,lanxi
zhejiang,jinhua,yiwu
zhejiang,jinhua,dongyang
zhejiang,jinhua,yongkang
zhejiang,quzhou,kecheng
zhejiang,quzhou,qujiang
zhejiang,quzhou,changshan
zhejiang,quzhou,kaihua
zhejiang,quzhou,longyou
zhejiang,quzhou,jiangshan
zhejiang,zhoushan,dinghai
zhejiang,zhoushan,putuo
zhejiang,zhoushan,daishan
zhejiang,zhoushan,shengsi
zhejiang,taizhou,jiaojiang
zhejiang,taizhou,huangyan
zhejiang,taizhou,luqiao
zhejiang,taizhou,yuhuan
zhejiang,taizhou,sanmen
zhejiang,taizhou,tiantai
zhejiang,taizhou,xianju
zhejiang,taizhou,wenling
zhejiang,taizhou,linhai
zhejiang,lishui,liandu
zhejiang,lishui,longquan
zhejiang,lishui,qingtian
zhejiang,lishui,yunhe
zhejiang,lishui,qingyuan
zhejiang,lishui,jinyun
zhejiang,lishui,suichang
zhejiang,lishui,songyang
zhejiang,lishui,jingningyu
anhui,hefei,baohe
anhui,hefei,shushan
anhui,hefei,luyang
anhui,hefei,yaohai
anhui,hefei,lujiang
anhui,hefei,changfeng
anhui,hefei,feidong
anhui,hefei,feixi
anhui,hefei,chaohu
anhui,wuhu,jinghu
anhui,wuhu,yijiang
anhui,wuhu,sanshan
anhui,wuhu,jiujiang
anhui,wuhu,wuhu
anhui,wuhu,fanchang
anhui,wuhu,wuwei
anhui,wuhu,nanling
anhui,bangbu,longzihu
anhui,bangbu,bangshan
anhui,bangbu,yuhui
anhui,bangbu,huaishang
anhui,bangbu,huaiyuan
anhui,bangbu,wuhe
anhui,bangbu,guzhen
anhui,huainan,datong
anhui,huainan,tianjiaan
anhui,huainan,xiejiaji
anhui,huainan,bagongshan
anhui,huainan,panji
anhui,huainan,shou
anhui,huainan,fengtai
anhui,maanshan,bowang
anhui,maanshan,huashan
anhui,maanshan,yushan
anhui,maanshan,he
anhui,maanshan,hanshan
anhui,maanshan,dangtu
anhui,huaibei,duji
anhui,huaibei,xiangshan
anhui,huaibei,lieshan
anhui,huaibei,suixi
anhui,tongling,tongguan
anhui,tongling,yian
anhui,tongling,jiao
anhui,tongling,congyang
anhui,anqing,yingjiang
anhui,anqing,daguan
anhui,anqing,yixiu
anhui,anqing,huaining
anhui,anqing,qianshan
anhui,anqing,taihu
anhui,anqing,susong
anhui,anqing,wangjiang
anhui,anqing,yuexi
anhui,anqing,tongcheng
anhui,huangshan,tunxi
anhui,huangshan,huangshan
anhui,huangshan,huizhou
anhui,huangshan,xi
anhui,huangshan,xiuning
anhui,huangshan,yi
anhui,huangshan,qimen
anhui,chuzhou,langye
anhui,chuzhou,nanqiao
anhui,chuzhou,laian
anhui,chuzhou,quanjiao
anhui,chuzhou,dingyuan
anhui,chuzhou,fengyang
anhui,chuzhou,tianchang
anhui,chuzhou,mingguang
anhui,fuyang,yingzhou
anhui,fuyang,yingdong
anhui,fuyang,yingquan
anhui,fuyang,linquan
anhui,fuyang,taihe
anhui,fuyang,funan
anhui,fuyang,yingshang
anhui,fuyang,jieshou
anhui,suzhou,yongqiao
anhui,suzhou,dangshan
anhui,suzhou,xiao
anhui,suzhou,lingbi
anhui,suzhou,si
anhui,liuan,jinan
anhui,liuan,yuan
anhui,liuan,yeji
anhui,liuan,huoqiu
anhui,liuan,shucheng
anhui,liuan,jinzhai
anhui,liuan,huoshan
anhui,xuancheng,xuanzhou
anhui,xuancheng,ningguo
anhui,xuancheng,langxi
anhui,xuancheng,guangde
anhui,xuancheng,jing
anhui,xuancheng,jingde
anhui,xuancheng,jixi
anhui,bozhou,qiaocheng
anhui,bozhou,woyang
anhui,bozhou,mengcheng
anhui,bozhou,lixin
anhui,chizhou,guichi
anhui,chizhou,dongzhi
anhui,chizhou,shitai
anhui,chizhou,qingyang
fujian,fuzhou,gulou
fujian,fuzhou,taijiang
fujian,fuzhou,cangshan
fujian,fuzhou,mawei
fujian,fuzhou,jinan
fujian,fuzhou,minhou
fujian,fuzhou,lianjiang
fujian,fuzhou,luoyuan
fujian,fuzhou,minqing
fujian,fuzhou,yongtai
fujian,fuzhou,pingtan
fujian,fuzhou,fuqing
fujian,fuzhou,changle
fujian,shamen,siming??
fujian,shamen,haicang
fujian,shamen,huli
fujian,shamen,jimei
fujian,shamen,tongan
fujian,shamen,xiangan
fujian,ningde,jiaocheng
fujian,ningde,xiapu
fujian,ningde,gutian
fujian,ningde,pingnan
fujian,ningde,shouning
fujian,ningde,zhouning
fujian,ningde,zherong
fujian,ningde,fuan
fujian,ningde,fuding
fujian,futian,chengxiang
fujian,futian,hanjiang
fujian,futian,licheng
fujian,futian,xiuyu
fujian,futian,xianyou
fujian,quanzhou,licheng
fujian,quanzhou,fengze
fujian,quanzhou,luojiang
fujian,quanzhou,quangang
fujian,quanzhou,huian
fujian,quanzhou,anxi
fujian,quanzhou,yongchun
fujian,quanzhou,dehua
fujian,quanzhou,jinmen
fujian,quanzhou,shishi
fujian,quanzhou,jinjiang
fujian,quanzhou,nanan
fujian,zhangzhou,xiangcheng
fujian,zhangzhou,longwen
fujian,zhangzhou,yunxiao
fujian,zhangzhou,zhangpu
fujian,zhangzhou,zhaoan
fujian,zhangzhou,changtai
fujian,zhangzhou,dongshan
fujian,zhangzhou,nanjing
fujian,zhangzhou,pinghe
fujian,zhangzhou,huaan
fujian,zhangzhou,longhai
fujian,longyan,xinluo
fujian,longyan,yongding
fujian,longyan,changting
fujian,longyan,shanghang
fujian,longyan,wuping
fujian,longyan,liancheng
fujian,longyan,zhangping
fujian,sanming,meilie
fujian,sanming,sanyuan
fujian,sanming,mingxi
fujian,sanming,qingliu
fujian,sanming,ninghua
fujian,sanming,datian
fujian,sanming,youxi
fujian,sanming,sha
fujian,sanming,jiangle
fujian,sanming,taining
fujian,sanming,jianning
fujian,sanming,yongan
fujian,nanping,yanping
fujian,nanping,jianyang
fujian,nanping,shunchang
fujian,nanping,pucheng
fujian,nanping,guangze
fujian,nanping,songxi
fujian,nanping,zhenghe
fujian,nanping,shaowu
fujian,nanping,wuyishan
fujian,nanping,jianou
jiangxi,nanchang,donghu
jiangxi,nanchang,xihu
jiangxi,nanchang,qingyunpu
jiangxi,nanchang,wanli
jiangxi,nanchang,qingshanhu
jiangxi,nanchang,xinjian
jiangxi,nanchang,nanchang
jiangxi,nanchang,anyi
jiangxi,nanchang,jinxian
jiangxi,jingdezhen,changjiang
jiangxi,jingdezhen,zhushan
jiangxi,jingdezhen,fuliang
jiangxi,jingdezhen,leping
jiangxi,pingxiang,anyuan
jiangxi,pingxiang,xiangdong
jiangxi,pingxiang,lianhua
jiangxi,pingxiang,shangli
jiangxi,pingxiang,luxi
jiangxi,jiujiang,lianxi
jiangxi,jiujiang,xunyang
jiangxi,jiujiang,jiujiang
jiangxi,jiujiang,wuning
jiangxi,jiujiang,xiushui
jiangxi,jiujiang,yongxiu
jiangxi,jiujiang,dean
jiangxi,jiujiang,duchang
jiangxi,jiujiang,hukou
jiangxi,jiujiang,pengze
jiangxi,jiujiang,ruichang
jiangxi,jiujiang,gongqingcheng
jiangxi,jiujiang,lushan
jiangxi,xinyu,yushui
jiangxi,xinyu,fenyi
jiangxi,yingtan,yuehu
jiangxi,yingtan,yujiang
jiangxi,yingtan,guixi
jiangxi,ganzhou,zhanggong
jiangxi,ganzhou,nankang
jiangxi,ganzhou,gan
jiangxi,ganzhou,xinfeng
jiangxi,ganzhou,dayu
jiangxi,ganzhou,shangyou
jiangxi,ganzhou,chongyi
jiangxi,ganzhou,anyuan
jiangxi,ganzhou,longnan
jiangxi,ganzhou,dingnan
jiangxi,ganzhou,quannan
jiangxi,ganzhou,ningdu
jiangxi,ganzhou,yudu
jiangxi,ganzhou,xingguo
jiangxi,ganzhou,huichang
jiangxi,ganzhou,xunwu
jiangxi,ganzhou,shicheng
jiangxi,ganzhou,ruijin
jiangxi,yichun,yuanzhou
jiangxi,yichun,fengcheng
jiangxi,yichun,zhangshu
jiangxi,yichun,gaoan
jiangxi,yichun,fengxin
jiangxi,yichun,wanzai
jiangxi,yichun,shanggao
jiangxi,yichun,yifeng
jiangxi,yichun,jingan
jiangxi,yichun,tonggu
jiangxi,shangrao,xinzhou
jiangxi,shangrao,guangfeng
jiangxi,shangrao,shangrao
jiangxi,shangrao,yushan
jiangxi,shangrao,qianshan
jiangxi,shangrao,hengfeng
jiangxi,shangrao,yiyang
jiangxi,shangrao,yugan
jiangxi,shangrao,boyang
jiangxi,shangrao,wannian
jiangxi,shangrao,wuyuan
jiangxi,shangrao,dexing
jiangxi,jian,jizhou
jiangxi,jian,qingyuan
jiangxi,jian,jinggangshan
jiangxi,jian,jian
jiangxi,jian,jishui
jiangxi,jian,xiajiang
jiangxi,jian,xingan
jiangxi,jian,yongfeng
jiangxi,jian,taihe
jiangxi,jian,suichuan
jiangxi,jian,wanan
jiangxi,jian,anfu
jiangxi,jian,yongxin
jiangxi,fuzhou,linchuan
jiangxi,fuzhou,nancheng
jiangxi,fuzhou,lichuan
jiangxi,fuzhou,nanfeng
jiangxi,fuzhou,chongren
jiangxi,fuzhou,lean
jiangxi,fuzhou,yihuang
jiangxi,fuzhou,jinxi
jiangxi,fuzhou,zixi
jiangxi,fuzhou,dongxiang
jiangxi,fuzhou,guangchang
shandong,jinan,lixia
shandong,jinan,zhong
shandong,jinan,huaiyin
shandong,jinan,tianqiao
shandong,jinan,licheng
shandong,jinan,changqing
shandong,jinan,zhangqiu
shandong,jinan,jiyang
shandong,jinan,shanghe
shandong,jinan,pingyin
shandong,qingdao,nan
shandong,qingdao,bei
shandong,qingdao,huangdao
shandong,qingdao,laoshan
shandong,qingdao,licang
shandong,qingdao,chengyang
shandong,qingdao,xiaozhou
shandong,qingdao,jimo
shandong,qingdao,pingdu
shandong,qingdao,laixi
shandong,zibo,zichuan
shandong,zibo,zhangdian
shandong,zibo,boshan
shandong,zibo,linzi
shandong,zibo,zhoucun
shandong,zibo,huantai
shandong,zibo,gaoqing
shandong,zibo,yiyuan
shandong,zaozhuang,zhong
shandong,zaozhuang,xuecheng
shandong,zaozhuang,yicheng
shandong,zaozhuang,taierzhuang
shandong,zaozhuang,shanting
shandong,zaozhuang,tengzhou
shandong,dongying,dongying
shandong,dongying,hekou
shandong,dongying,kenli
shandong,dongying,lijin
shandong,dongying,guangrao
shandong,yantai,zhifu
shandong,yantai,fushan
shandong,yantai,mouping
shandong,yantai,laishan
shandong,yantai,changdao
shandong,yantai,longkou
shandong,yantai,laiyang
shandong,yantai,laizhou
shandong,yantai,penglai
shandong,yantai,zhaoyuan
shandong,yantai,qixia
shandong,yantai,haiyang
shandong,weifang,weicheng
shandong,weifang,hanting
shandong,weifang,fangzi
shandong,weifang,kuiwen
shandong,weifang,linqu
shandong,weifang,changle
shandong,weifang,qingzhou
shandong,weifang,zhucheng
shandong,weifang,shouguang
shandong,weifang,anqiu
shandong,weifang,gaomi
shandong,weifang,changyi
shandong,jining,yanzhou
shandong,jining,rencheng
shandong,jining,weishan
shandong,jining,yutai
shandong,jining,jinxiang
shandong,jining,jiaxiang
shandong,jining,wenshang
shandong,jining,sishui
shandong,jining,liangshan
shandong,jining,qufu
shandong,jining,zoucheng
shandong,taian,taishan
shandong,taian,daiyue
shandong,taian,ningyang
shandong,taian,dongping
shandong,taian,xintai
shandong,taian,feicheng
shandong,weihai,huancui
shandong,weihai,wendeng
shandong,weihai,rongcheng
shandong,weihai,rushan
shandong,rizhao,donggang
shandong,rizhao,lanshan
shandong,rizhao,wulian
shandong,rizhao,ju
shandong,laiwu,laicheng
shandong,laiwu,gangcheng
shandong,linyi,lanshan
shandong,linyi,luozhuang
shandong,linyi,hedong
shandong,linyi,yinan
shandong,linyi,tancheng
shandong,linyi,yishui
shandong,linyi,cangshan
shandong,linyi,fei
shandong,linyi,pingyi
shandong,linyi,junan
shandong,linyi,mengyin
shandong,linyi,linshu
shandong,dezhou,decheng
shandong,dezhou,lingcheng
shandong,dezhou,ningjin
shandong,dezhou,qingyun
shandong,dezhou,linyi
shandong,dezhou,qihe
shandong,dezhou,pingyuan
shandong,dezhou,xiajin
shandong,dezhou,wucheng
shandong,dezhou,leling
shandong,dezhou,yucheng
shandong,liaocheng,dongchangfu
shandong,liaocheng,yanggu
shandong,liaocheng,shen
shandong,liaocheng,chiping
shandong,liaocheng,donga
shandong,liaocheng,guan
shandong,liaocheng,gaotang
shandong,liaocheng,linqing
shandong,binzhou,bincheng
shandong,binzhou,zhanhua
shandong,binzhou,huimin
shandong,binzhou,yangxin
shandong,binzhou,wudi
shandong,binzhou,boxing
shandong,binzhou,zouping
shandong,heze,mudan
shandong,heze,cao
shandong,heze,dingtao
shandong,heze,chengwu
shandong,heze,dan
shandong,heze,juye
shandong,heze,yuncheng
shandong,heze,juancheng
shandong,heze,dongming
henan,zhengzhou,zhongyuan
henan,zhengzhou,erqi
henan,zhengzhou,guanchenghui
henan,zhengzhou,jinshui
henan,zhengzhou,shangjie
henan,zhengzhou,huiji
henan,zhengzhou,zhongmou
henan,zhengzhou,gongyi
henan,zhengzhou,yingyang
henan,zhengzhou,xinmi
henan,zhengzhou,xinzheng
henan,zhengzhou,dengfeng
henan,kaifeng,longting
henan,kaifeng,shunhehui
henan,kaifeng,gulou
henan,kaifeng,yuwangtai
henan,kaifeng,xiangfu
henan,kaifeng,qi
henan,kaifeng,tongxu
henan,kaifeng,weishi
henan,kaifeng,lankao
henan,luoyang,laocheng
henan,luoyang,xigong
henan,luoyang,chanhehui
henan,luoyang,jianxi
henan,luoyang,jili
henan,luoyang,luolong
henan,luoyang,mengjin
henan,luoyang,xinan
henan,luoyang,luanchuan
henan,luoyang,song
henan,luoyang,ruyang
henan,luoyang,yiyang
henan,luoyang,luoning
henan,luoyang,yichuan
henan,luoyang,yanshi
henan,pingdingshan,xinhua
henan,pingdingshan,weidong
henan,pingdingshan,shilong
henan,pingdingshan,zhanhe
henan,pingdingshan,baofeng
henan,pingdingshan,ye
henan,pingdingshan,lushan
henan,pingdingshan,jia
henan,pingdingshan,wugang
henan,pingdingshan,ruzhou
henan,anyang,wenfeng
henan,anyang,beiguan
henan,anyang,yindu
henan,anyang,longan
henan,anyang,anyang
henan,anyang,tangyin
henan,anyang,hua
henan,anyang,neihuang
henan,anyang,linzhou
henan,hebi,heshan
henan,hebi,shancheng
henan,hebi,qibin
henan,hebi,jun
henan,hebi,qi
henan,xinxiang,hong
henan,xinxiang,weibin
henan,xinxiang,fengquan
henan,xinxiang,muye
henan,xinxiang,xinxiang
henan,xinxiang,huojia
henan,xinxiang,yuanyang
henan,xinxiang,yanjin
henan,xinxiang,fengqiu
henan,xinxiang,changyuan
henan,xinxiang,weihui
henan,xinxiang,hui
henan,jiaozuo,jiefang
henan,jiaozuo,zhongzhan
henan,jiaozuo,macun
henan,jiaozuo,shanyang
henan,jiaozuo,xiuwu
henan,jiaozuo,boai
henan,jiaozuo,wuzhi
henan,jiaozuo,wen
henan,jiaozuo,qinyang
henan,jiaozuo,mengzhou
henan,puyang,hualong
henan,puyang,qingfeng
henan,puyang,nanle
henan,puyang,fan
henan,puyang,taiqian
henan,puyang,puyang
henan,xuchang,weidu
henan,xuchang,jianan
henan,xuchang,yanling
henan,xuchang,xiangcheng
henan,xuchang,yuzhou
henan,xuchang,changge
henan,tahe,yuanhui
henan,tahe,yancheng
henan,tahe,zhaoling
henan,tahe,wuyang
henan,tahe,linying
henan,sanmenxia,hubin
henan,sanmenxia,shanzhou
henan,sanmenxia,minchi
henan,sanmenxia,lushi
henan,sanmenxia,yima
henan,sanmenxia,lingbao
henan,nanyang,wancheng
henan,nanyang,wolong
henan,nanyang,nanzhao
henan,nanyang,fangcheng
henan,nanyang,xixia
henan,nanyang,zhenping
henan,nanyang,neixiang
henan,nanyang,xichuan
henan,nanyang,she
henan,nanyang,tanghe
henan,nanyang,xinye
henan,nanyang,tongbai
henan,nanyang,dengzhou
henan,shangqiu,liangyuan
henan,shangqiu,suiyang
henan,shangqiu,minquan
henan,shangqiu,sui
henan,shangqiu,ningling
henan,shangqiu,zhecheng
henan,shangqiu,yucheng
henan,shangqiu,xiayi
henan,shangqiu,yongcheng
henan,xinyang,shihe
henan,xinyang,pingqiao
henan,xinyang,luoshan
henan,xinyang,guangshan
henan,xinyang,xin
henan,xinyang,shangcheng
henan,xinyang,gushi
henan,xinyang,huangchuan
henan,xinyang,huaibin
henan,xinyang,xi
henan,zhoukou,chuanhui
henan,zhoukou,xiangcheng
henan,zhoukou,fugou
henan,zhoukou,xihua
henan,zhoukou,shangshui
henan,zhoukou,taikang
henan,zhoukou,luyi
henan,zhoukou,dancheng
henan,zhoukou,huaiyang
henan,zhoukou,shenqiu
henan,zhumadiandi,yicheng
henan,zhumadiandi,queshan
henan,zhumadiandi,miyang
henan,zhumadiandi,suiping
henan,zhumadiandi,xiping
henan,zhumadiandi,shangcai
henan,zhumadiandi,runan
henan,zhumadiandi,pingyu
henan,zhumadiandi,xincai
henan,zhumadiandi,zhengyang
henan,zhixiadanwei,jiyuan
hubei,wuhan,jiangan
hubei,wuhan,jianghan
hubei,wuhan,qiaokou
hubei,wuhan,hanyang
hubei,wuhan,wuchang
hubei,wuhan,qingshan
hubei,wuhan,hongshan
hubei,wuhan,dongxihu
hubei,wuhan,hannan
hubei,wuhan,caidian
hubei,wuhan,jiangxia
hubei,wuhan,huangbei
hubei,wuhan,xinzhou
hubei,huangshi,huangshigang
hubei,huangshi,xisaishan
hubei,huangshi,xialu
hubei,huangshi,tieshan
hubei,huangshi,yangxin
hubei,huangshi,daye
hubei,shiyan,maojian
hubei,shiyan,zhangwan
hubei,shiyan,yunyang
hubei,shiyan,yunxi
hubei,shiyan,zhushan
hubei,shiyan,zhuxi
hubei,shiyan,fang
hubei,shiyan,danjiangkou
hubei,yichang,xiling
hubei,yichang,wujiagang
hubei,yichang,dianjun
hubei,yichang,yaoting
hubei,yichang,yiling
hubei,yichang,yuanan
hubei,yichang,xingshan
hubei,yichang,zigui
hubei,yichang,changyangtujia
hubei,yichang,wufengtujia
hubei,yichang,yidu
hubei,yichang,dangyang
hubei,yichang,zhijiang
hubei,xiangyang,xiangcheng
hubei,xiangyang,fancheng
hubei,xiangyang,xiangzhou
hubei,xiangyang,nanzhang
hubei,xiangyang,gucheng
hubei,xiangyang,baokang
hubei,xiangyang,laohekou
hubei,xiangyang,zaoyang
hubei,xiangyang,yicheng
hubei,ezhou,liangzihu
hubei,ezhou,huarong
hubei,ezhou,echeng
hubei,jingmen,dongbao
hubei,jingmen,duodao
hubei,jingmen,jingshan
hubei,jingmen,shayang
hubei,jingmen,zhongxiang
hubei,xiaogan,xiaonan
hubei,xiaogan,xiaochang
hubei,xiaogan,dawu
hubei,xiaogan,yunmeng
hubei,xiaogan,yingcheng
hubei,xiaogan,anlu
hubei,xiaogan,hanchuan
hubei,jingzhou,sha
hubei,jingzhou,jingzhou
hubei,jingzhou,gongan
hubei,jingzhou,jianli
hubei,jingzhou,jiangling
hubei,jingzhou,shishou
hubei,jingzhou,honghu
hubei,jingzhou,songzi
hubei,huanggang,huangzhou
hubei,huanggang,tuanfeng
hubei,huanggang,hongan
hubei,huanggang,luotian
hubei,huanggang,yingshan
hubei,huanggang,xishui
hubei,huanggang,qichun
hubei,huanggang,huangmei
hubei,huanggang,macheng
hubei,huanggang,wuxue
hubei,xianning,xianan
hubei,xianning,jiayu
hubei,xianning,tongcheng
hubei,xianning,chongyang
hubei,xianning,tongshan
hubei,xianning,chibi
hubei,enshitujiamiaozizhizhou,enshi
hubei,enshitujiamiaozizhizhou,lichuan
hubei,enshitujiamiaozizhizhou,jianshi
hubei,enshitujiamiaozizhizhou,badong
hubei,enshitujiamiaozizhizhou,xuanen
hubei,enshitujiamiaozizhizhou,xianfeng
hubei,enshitujiamiaozizhizhou,laifeng
hubei,enshitujiamiaozizhizhou,hefeng
hubei,suizhou,cengdu
hubei,suizhou,guangshui
hubei,suizhou,sui
hubei,zhixiadanwei,xiantao
hubei,zhixiadanwei,qianjiang
hubei,zhixiadanwei,tianmen
hubei,zhixiadanwei,shennongjialin
hunan,changsha,furong
hunan,changsha,tianxin
hunan,changsha,yuelu
hunan,changsha,kaifu
hunan,changsha,yuhua
hunan,changsha,wangcheng
hunan,changsha,changsha
hunan,changsha,ningxiang
hunan,changsha,liuyang
hunan,zhuzhou,hetang
hunan,zhuzhou,lusong
hunan,zhuzhou,shifeng
hunan,zhuzhou,tianyuan
hunan,zhuzhou,zhuzhou
hunan,zhuzhou,you
hunan,zhuzhou,chaling
hunan,zhuzhou,yanling
hunan,zhuzhou,liling
hunan,xiangtan,yuhu
hunan,xiangtan,yuetang
hunan,xiangtan,xiangtan
hunan,xiangtan,xiangxiang
hunan,xiangtan,shaoshan
hunan,hengyang,zhuhui
hunan,hengyang,yanfeng
hunan,hengyang,shigu
hunan,hengyang,zhengxiang
hunan,hengyang,nanyue
hunan,hengyang,hengyang
hunan,hengyang,hengnan
hunan,hengyang,hengshan
hunan,hengyang,hengdong
hunan,hengyang,qidong
hunan,hengyang,leiyang
hunan,hengyang,changning
hunan,shaoyang,shuangqing
hunan,shaoyang,daxiang
hunan,shaoyang,beita
hunan,shaoyang,shaodong
hunan,shaoyang,xinshao
hunan,shaoyang,shaoyang
hunan,shaoyang,longhui
hunan,shaoyang,dongkou
hunan,shaoyang,suining
hunan,shaoyang,xinning
hunan,shaoyang,chengbumiao
hunan,shaoyang,wugang
hunan,yueyang,yueyanglou
hunan,yueyang,yunxi
hunan,yueyang,junshan
hunan,yueyang,yueyang
hunan,yueyang,huarong
hunan,yueyang,xiangyin
hunan,yueyang,pingjiang
hunan,yueyang,miluo
hunan,yueyang,linxiang
hunan,changde,wuling
hunan,changde,dingcheng
hunan,changde,anxiang
hunan,changde,hanshou
hunan,changde,li
hunan,changde,linli
hunan,changde,taoyuan
hunan,changde,shimen
hunan,changde,jin
hunan,zhangjiajie,yongding
hunan,zhangjiajie,wulingyuan
hunan,zhangjiajie,cili
hunan,zhangjiajie,sangzhi
hunan,yiyang,ziyang
hunan,yiyang,heshan
hunan,yiyang,nan
hunan,yiyang,taojiang
hunan,yiyang,anhua
hunan,yiyang,yuanjiang
hunan,chenzhou,beihu
hunan,chenzhou,suxian
hunan,chenzhou,guiyang
hunan,chenzhou,yizhang
hunan,chenzhou,yongxing
hunan,chenzhou,jiahe
hunan,chenzhou,linwu
hunan,chenzhou,rucheng
hunan,chenzhou,guidong
hunan,chenzhou,anren
hunan,chenzhou,zixing
hunan,yongzhou,lingling
hunan,yongzhou,lengshuitan
hunan,yongzhou,qiyang
hunan,yongzhou,dongan
hunan,yongzhou,shuangpai
hunan,yongzhou,dao
hunan,yongzhou,jiangyong
hunan,yongzhou,ningyuan
hunan,yongzhou,lanshan
hunan,yongzhou,xintian
hunan,yongzhou,jianghuayao
hunan,huaihua,hecheng
hunan,huaihua,zhongfang
hunan,huaihua,yuanling
hunan,huaihua,chenxi
hunan,huaihua,xupu
hunan,huaihua,huitong
hunan,huaihua,mayangmiao
hunan,huaihua,xinhuangtong
hunan,huaihua,zhijiangtong
hunan,huaihua,jingzhoumiaotong
hunan,huaihua,tongdaotong
hunan,huaihua,hongjiang
hunan,loudidi,louxing
hunan,loudidi,lengshuijiang
hunan,loudidi,lianyuan
hunan,loudidi,shuangfeng
hunan,loudidi,xinhua
hunan,xiangxitujiamiaozizhizhou,jishou
hunan,xiangxitujiamiaozizhizhou,luxi
hunan,xiangxitujiamiaozizhizhou,fenghuang
hunan,xiangxitujiamiaozizhizhou,huayuan
hunan,xiangxitujiamiaozizhizhou,baojing
hunan,xiangxitujiamiaozizhizhou,guzhang
hunan,xiangxitujiamiaozizhizhou,yongshun
hunan,xiangxitujiamiaozizhizhou,longshan
guangdong,guangzhou,liwan
guangdong,guangzhou,yuexiu
guangdong,guangzhou,haizhu
guangdong,guangzhou,tianhe
guangdong,guangzhou,baiyun
guangdong,guangzhou,huangpu
guangdong,guangzhou,fanyu
guangdong,guangzhou,huadu
guangdong,guangzhou,nansha
guangdong,guangzhou,zengcheng
guangdong,guangzhou,conghua
guangdong,shaoguan,wujiang
guangdong,shaoguan,chengjiang
guangdong,shaoguan,qujiang
guangdong,shaoguan,shixing
guangdong,shaoguan,renhua
guangdong,shaoguan,wengyuan
guangdong,shaoguan,ruyuanyao
guangdong,shaoguan,xinfeng
guangdong,shaoguan,lechang
guangdong,shaoguan,nanxiong
guangdong,shenzhen,luohu
guangdong,shenzhen,futian
guangdong,shenzhen,nanshan
guangdong,shenzhen,baoan
guangdong,shenzhen,longgang
guangdong,shenzhen,longhua
guangdong,shenzhen,pingshan
guangdong,shenzhen,yantian
guangdong,zhuhai,xiangzhou
guangdong,zhuhai,doumen
guangdong,zhuhai,jinwan
guangdong,shantou,haojiang
guangdong,shantou,longhu
guangdong,shantou,jinping
guangdong,shantou,chaonan
guangdong,shantou,chenghai
guangdong,shantou,chaoyang
guangdong,shantou,nanao
guangdong,foshan,shancheng
guangdong,foshan,shunde
guangdong,foshan,nanhai
guangdong,foshan,sanshui
guangdong,foshan,gaoming
guangdong,jiangmen,pengjiang
guangdong,jiangmen,jianghai
guangdong,jiangmen,xinhui
guangdong,jiangmen,taishan
guangdong,jiangmen,kaiping
guangdong,jiangmen,heshan
guangdong,jiangmen,enping
guangdong,zhanjiang,chikan
guangdong,zhanjiang,xiashan
guangdong,zhanjiang,potou
guangdong,zhanjiang,mazhang
guangdong,zhanjiang,suixi
guangdong,zhanjiang,xuwen
guangdong,zhanjiang,lianjiang
guangdong,zhanjiang,leizhou
guangdong,zhanjiang,wuchuan
guangdong,maoming,maonan
guangdong,maoming,dianbai
guangdong,maoming,gaozhou
guangdong,maoming,huazhou
guangdong,maoming,xinyi
guangdong,zhaoqing,duanzhou
guangdong,zhaoqing,dinghu
guangdong,zhaoqing,gaoyao
guangdong,zhaoqing,guangning
guangdong,zhaoqing,huaiji
guangdong,zhaoqing,fengkai
guangdong,zhaoqing,deqing
guangdong,zhaoqing,sihui
guangdong,huizhou,huicheng
guangdong,huizhou,huiyang
guangdong,huizhou,boluo
guangdong,huizhou,huidong
guangdong,huizhou,longmen
guangdong,meizhou,meijiang
guangdong,meizhou,mei
guangdong,meizhou,dapu
guangdong,meizhou,fengshun
guangdong,meizhou,wuhua
guangdong,meizhou,pingyuan
guangdong,meizhou,jiaoling
guangdong,meizhou,xingning
guangdong,shanwei,cheng
guangdong,shanwei,haifeng
guangdong,shanwei,luhe
guangdong,shanwei,lufeng
guangdong,heyuan,yuancheng
guangdong,heyuan,zijin
guangdong,heyuan,longchuan
guangdong,heyuan,lianping
guangdong,heyuan,heping
guangdong,heyuan,dongyuan
guangdong,yangjiang,jiangcheng
guangdong,yangjiang,yangdong
guangdong,yangjiang,yangxi
guangdong,yangjiang,yangchun
guangdong,qingyuan,qingcheng
guangdong,qingyuan,qingxin
guangdong,qingyuan,fogang
guangdong,qingyuan,yangshan
guangdong,qingyuan,lianshanzhuangyao
guangdong,qingyuan,liannanyao
guangdong,qingyuan,yingde
guangdong,qingyuan,lianzhou
guangdong,dongguan,dongguan
guangdong,zhongshan,zhongshan
guangdong,chaozhou,xiangqiao
guangdong,chaozhou,chaoan
guangdong,chaozhou,raoping
guangdong,jieyang,rongcheng
guangdong,jieyang,jiedong
guangdong,jieyang,jiexi
guangdong,jieyang,huilai
guangdong,jieyang,puning
guangdong,yunfu,yuncheng
guangdong,yunfu,yunan
guangdong,yunfu,xinxing
guangdong,yunfu,yunan
guangdong,yunfu,luoding
guangxi,nanning,xingning
guangxi,nanning,qingxiu
guangxi,nanning,xixiangtang
guangxi,nanning,jiangnan
guangxi,nanning,liangqing
guangxi,nanning,yongning
guangxi,nanning,wuming
guangxi,nanning,longan
guangxi,nanning,mashan
guangxi,nanning,shanglin
guangxi,nanning,binyang
guangxi,nanning,heng
guangxi,liuzhou,chengzhong
guangxi,liuzhou,yufeng
guangxi,liuzhou,liunan
guangxi,liuzhou,liubei
guangxi,liuzhou,liujiang
guangxi,liuzhou,liucheng
guangxi,liuzhou,luzhai
guangxi,liuzhou,rongan
guangxi,liuzhou,rongshuimiao
guangxi,liuzhou,sanjiangtong
guangxi,guilin,xiufeng
guangxi,guilin,diecai
guangxi,guilin,xiangshan
guangxi,guilin,qixing
guangxi,guilin,yanshan
guangxi,guilin,lingui
guangxi,guilin,yangshuo
guangxi,guilin,lingchuan
guangxi,guilin,quanzhou
guangxi,guilin,xingan
guangxi,guilin,yongfu
guangxi,guilin,guanyang
guangxi,guilin,longshengge
guangxi,guilin,ziyuan
guangxi,guilin,pingle
guangxi,guilin,lipu
guangxi,guilin,gongchengyao
guangxi,wuzhou,wanxiu
guangxi,wuzhou,changzhou
guangxi,wuzhou,longwei
guangxi,wuzhou,cangwu
guangxi,wuzhou,teng
guangxi,wuzhou,mengshan
guangxi,wuzhou,cenxi
guangxi,beihai,haicheng
guangxi,beihai,yinhai
guangxi,beihai,tieshangang
guangxi,beihai,hepu
guangxi,fangchenggang,gangkou
guangxi,fangchenggang,fangcheng
guangxi,fangchenggang,shangsi
guangxi,fangchenggang,dongxing
guangxi,qinzhou,qinnan
guangxi,qinzhou,qinbei
guangxi,qinzhou,pubei
guangxi,qinzhou,lingshan
guangxi,guigang,gangbei
guangxi,guigang,gangnan
guangxi,guigang,tantang
guangxi,guigang,pingnan
guangxi,guigang,guiping
guangxi,yulin,yuzhou
guangxi,yulin,fumian
guangxi,yulin,rong
guangxi,yulin,luchuan
guangxi,yulin,bobai
guangxi,yulin,xingye
guangxi,yulin,beiliu
guangxi,chongzuo,jiangzhou
guangxi,chongzuo,pingxiang
guangxi,chongzuo,fusui
guangxi,chongzuo,ningming
guangxi,chongzuo,longzhou
guangxi,chongzuo,daxin
guangxi,chongzuo,tiandeng
guangxi,laibin,xingbin
guangxi,laibin,heshan
guangxi,laibin,xincheng
guangxi,laibin,xiangzhou
guangxi,laibin,wuxuan
guangxi,laibin,jinxiuyao
guangxi,hezhou,babu
guangxi,hezhou,pinggui
guangxi,hezhou,zhaoping
guangxi,hezhou,zhongshan
guangxi,hezhou,?€€fuchuanyao
guangxi,baise,youjiang
guangxi,baise,jingxi
guangxi,baise,tianyang
guangxi,baise,tiandong
guangxi,baise,pingguo
guangxi,baise,debao
guangxi,baise,napo
guangxi,baise,lingyun
guangxi,baise,leye
guangxi,baise,tianlin
guangxi,baise,longlinge
guangxi,baise,xilin
guangxi,hechi,jinchengjiang
guangxi,hechi,yizhou
guangxi,hechi,luochengmulao
guangxi,hechi,huanjiangmaonan
guangxi,hechi,nandan
guangxi,hechi,tiane
guangxi,hechi,fengshan
guangxi,hechi,donglan
guangxi,hechi,bamayao
guangxi,hechi,duanyao
guangxi,hechi,dahuayao
hainan,zhixiajidanwei,qionghai
hainan,zhixiajidanwei,wuzhishan
hainan,zhixiajidanwei,wenchang
hainan,zhixiajidanwei,wanning
hainan,zhixiajidanwei,dongfang
hainan,zhixiajidanwei,dingan
hainan,zhixiajidanwei,tunchang
hainan,zhixiajidanwei,chengmai
hainan,zhixiajidanwei,lingao
hainan,zhixiajidanwei,baishali
hainan,zhixiajidanwei,changjiangli
hainan,zhixiajidanwei,ledongli
hainan,zhixiajidanwei,lingshuili
hainan,zhixiajidanwei,baotinglimiao
hainan,zhixiajidanwei,qiongzhonglimiao
hainan,haikou,longhua
hainan,haikou,xiuying
hainan,haikou,qiongshan
hainan,haikou,meilan
hainan,sanya,jiyang
hainan,sanya,yazhou
hainan,sanya,tianya
hainan,sanya,haitang
hainan,    danzhou,danzhou
hainan,sansha,sansha
zhongqing,zhongqing,wanzhou
zhongqing,zhongqing,fuling
zhongqing,zhongqing,yuzhong
zhongqing,zhongqing,dadukou
zhongqing,zhongqing,jiangbei
zhongqing,zhongqing,shapingba
zhongqing,zhongqing,jiulongpo
zhongqing,zhongqing,nanan
zhongqing,zhongqing,beibei
zhongqing,zhongqing,qijiang
zhongqing,zhongqing,dazu
zhongqing,zhongqing,yubei
zhongqing,zhongqing,jiangjin
zhongqing,zhongqing,hechuan
zhongqing,zhongqing,banan
zhongqing,zhongqing,changshou
zhongqing,zhongqing,tongnan
zhongqing,zhongqing,tongliang
zhongqing,zhongqing,bishan
zhongqing,zhongqing,rongchang
zhongqing,zhongqing,qianjiang
zhongqing,zhongqing,yongchuan
zhongqing,zhongqing,nanchuan
zhongqing,zhongqing,kaizhou
zhongqing,zhongqing,liangping
zhongqing,zhongqing,wulong
zhongqing,zhongqing,fengdu
zhongqing,zhongqing,dianjiang
zhongqing,zhongqing,chengkou
zhongqing,zhongqing,zhong
zhongqing,zhongqing,yunyang
zhongqing,zhongqing,fengjie
zhongqing,zhongqing,wushan
zhongqing,zhongqing,wuxi
zhongqing,zhongqing,shizhutujia
zhongqing,zhongqing,xiushantujiamiao
zhongqing,zhongqing,youyangtujiamiao
zhongqing,zhongqing,pengshuimiaotujia
sichuan,chengdu,jinjiang
sichuan,chengdu,qingyang
sichuan,chengdu,jinniu
sichuan,chengdu,wuhou
sichuan,chengdu,chenghua
sichuan,chengdu,longquanyi
sichuan,chengdu,qingbaijiang
sichuan,chengdu,wenjiang
sichuan,chengdu,xindu
sichuan,chengdu,shuangliu
sichuan,chengdu,pidu
sichuan,chengdu,jintang
sichuan,chengdu,dayi
sichuan,chengdu,pujiang
sichuan,chengdu,xinjin
sichuan,chengdu,dujiangyan
sichuan,chengdu,pengzhou
sichuan,chengdu,qionglai
sichuan,chengdu,chongzhou
sichuan,chengdu,jianyang
sichuan,zigong,ziliujing
sichuan,zigong,gongjing
sichuan,zigong,daan
sichuan,zigong,yantan
sichuan,zigong,rong
sichuan,zigong,fushun
sichuan,panzhihua,dong
sichuan,panzhihua,xi
sichuan,panzhihua,renhe
sichuan,panzhihua,miyi
sichuan,panzhihua,yanbian
sichuan,luzhou,jiangyang
sichuan,luzhou,naxi
sichuan,luzhou,longmatan
sichuan,luzhou,lu
sichuan,luzhou,hejiang
sichuan,luzhou,xuyong
sichuan,luzhou,gulin
sichuan,deyang,jingyang
sichuan,deyang,zhongjiang
sichuan,deyang,luojiang
sichuan,deyang,guanghan
sichuan,deyang,shifang
sichuan,deyang,mianzhu
sichuan,mianyang,fucheng
sichuan,mianyang,youxian
sichuan,mianyang,santai
sichuan,mianyang,yanting
sichuan,mianyang,an
sichuan,mianyang,zitong
sichuan,mianyang,beichuanqiang
sichuan,mianyang,pingwu
sichuan,mianyang,jiangyou
sichuan,guangyuan,lizhou
sichuan,guangyuan,zhaohua
sichuan,guangyuan,zhaotian
sichuan,guangyuan,wangcang
sichuan,guangyuan,qingchuan
sichuan,guangyuan,jiange
sichuan,guangyuan,cangxi
sichuan,suining,chuanshan
sichuan,suining,anju
sichuan,suining,pengxi
sichuan,suining,shehong
sichuan,suining,daying
sichuan,neijiang,zhong
sichuan,neijiang,dongxing
sichuan,neijiang,weiyuan
sichuan,neijiang,zizhong
sichuan,neijiang,longchang
sichuan,leshan,zhong
sichuan,leshan,shawan
sichuan,leshan,wutongqiao
sichuan,leshan,jinkouhe
sichuan,leshan,jianwei
sichuan,leshan,jingyan
sichuan,leshan,jiajiang
sichuan,leshan,muchuan
sichuan,leshan,ebianyi
sichuan,leshan,mabianyi
sichuan,leshan,emeishan
sichuan,nanchong,shunqing
sichuan,nanchong,gaoping
sichuan,nanchong,jialing
sichuan,nanchong,nanbu
sichuan,nanchong,yingshan
sichuan,nanchong,pengan
sichuan,nanchong,yilong
sichuan,nanchong,xichong
sichuan,nanchong,langzhong
sichuan,yibin,cuiping
sichuan,yibin,nanxi
sichuan,yibin,yibin
sichuan,yibin,jiangan
sichuan,yibin,changning
sichuan,yibin,gao
sichuan,yibin,gong
sichuan,yibin,yunlian
sichuan,yibin,xingwen
sichuan,yibin,pingshan
sichuan,guangan,guangan
sichuan,guangan,qianfeng
sichuan,guangan,yuechi
sichuan,guangan,wusheng
sichuan,guangan,linshui
sichuan,guangan,huaying
sichuan,dazhou,dachuan
sichuan,dazhou,tongchuan
sichuan,dazhou,xuanhan
sichuan,dazhou,kaijiang
sichuan,dazhou,dazhu
sichuan,dazhou,qu
sichuan,dazhou,wanyuan
sichuan,yaan,yucheng
sichuan,yaan,mingshan
sichuan,yaan,yingjing
sichuan,yaan,hanyuan
sichuan,yaan,shimian
sichuan,yaan,tianquan
sichuan,yaan,lushan
sichuan,yaan,baoxing
sichuan,abacangqiangzizhizhou,wenchuan
sichuan,abacangqiangzizhizhou,li
sichuan,abacangqiangzizhizhou,mao
sichuan,abacangqiangzizhizhou,songpan
sichuan,abacangqiangzizhizhou,jiuzhaigou
sichuan,abacangqiangzizhizhou,jinchuan
sichuan,abacangqiangzizhizhou,xiaojin
sichuan,abacangqiangzizhizhou,heishui
sichuan,abacangqiangzizhizhou,maerkang
sichuan,abacangqiangzizhizhou,rangtang
sichuan,abacangqiangzizhizhou,aba
sichuan,abacangqiangzizhizhou,ruoergai
sichuan,abacangqiangzizhizhou,hongyuan
sichuan,ganzicangzizhizhou,kangding
sichuan,ganzicangzizhizhou,luding
sichuan,ganzicangzizhizhou,danba
sichuan,ganzicangzizhizhou,jiulong
sichuan,ganzicangzizhizhou,yajiang
sichuan,ganzicangzizhizhou,daofu
sichuan,ganzicangzizhizhou,luhuo
sichuan,ganzicangzizhizhou,ganzi
sichuan,ganzicangzizhizhou,xinlong
sichuan,ganzicangzizhizhou,dege
sichuan,ganzicangzizhizhou,baiyu
sichuan,ganzicangzizhizhou,shiqu
sichuan,ganzicangzizhizhou,seda
sichuan,ganzicangzizhizhou,litang
sichuan,ganzicangzizhizhou,batang
sichuan,ganzicangzizhizhou,xiangcheng
sichuan,ganzicangzizhizhou,daocheng
sichuan,ganzicangzizhizhou,derong
sichuan,liangshanyizizhizhou,xichang
sichuan,liangshanyizizhizhou,mulicang
sichuan,liangshanyizizhizhou,yanyuan
sichuan,liangshanyizizhizhou,dechang
sichuan,liangshanyizizhizhou,huili
sichuan,liangshanyizizhizhou,huidong
sichuan,liangshanyizizhizhou,ningnan
sichuan,liangshanyizizhizhou,puge
sichuan,liangshanyizizhizhou,butuo
sichuan,liangshanyizizhizhou,jinyang
sichuan,liangshanyizizhizhou,zhaojue
sichuan,liangshanyizizhizhou,xide
sichuan,liangshanyizizhizhou,mianning
sichuan,liangshanyizizhizhou,yuexi
sichuan,liangshanyizizhizhou,ganluo
sichuan,liangshanyizizhizhou,meigu
sichuan,liangshanyizizhizhou,leibo
sichuan,bazhong,bazhou
sichuan,bazhong,enyang
sichuan,bazhong,tongjiang
sichuan,bazhong,nanjiang
sichuan,bazhong,pingchang
sichuan,meishan,dongpo
sichuan,meishan,pengshan
sichuan,meishan,renshou
sichuan,meishan,hongya
sichuan,meishan,danleng
sichuan,meishan,qingshen
sichuan,ziyang,yanjiang
sichuan,ziyang,anyue
sichuan,ziyang,lezhi
guizhou,guiyang,nanming
guizhou,guiyang,yunyan
guizhou,guiyang,huaxi
guizhou,guiyang,wudang
guizhou,guiyang,baiyun
guizhou,guiyang,guanshanhu
guizhou,guiyang,kaiyang
guizhou,guiyang,xifeng
guizhou,guiyang,xiuwen
guizhou,guiyang,qingzhen
guizhou,liupanshui,zhongshan
guizhou,liupanshui,liuzhite
guizhou,liupanshui,pan
guizhou,liupanshui,shuicheng
guizhou,zunyi,honghuagang
guizhou,zunyi,huichuan
guizhou,zunyi,zunyi
guizhou,zunyi,tongzi
guizhou,zunyi,suiyang
guizhou,zunyi,zhengan
guizhou,zunyi,daozhenyilaomiao
guizhou,zunyi,wuchuanyilaomiao
guizhou,zunyi,fenggang
guizhou,zunyi,meitan
guizhou,zunyi,yuqing
guizhou,zunyi,xishui
guizhou,zunyi,chishui
guizhou,zunyi,renhuai
guizhou,tongren,bijiang
guizhou,tongren,wanshan
guizhou,tongren,jiangkou
guizhou,tongren,yupingtong
guizhou,tongren,shiqian
guizhou,tongren,sinan
guizhou,tongren,yinjiangtujiamiao
guizhou,tongren,dejiang
guizhou,tongren,yanhetujia
guizhou,tongren,songtaomiao
guizhou,qianxinanbuyimiaozizhizhou,xingyi
guizhou,qianxinanbuyimiaozizhizhou,xingren
guizhou,qianxinanbuyimiaozizhizhou,puan
guizhou,qianxinanbuyimiaozizhizhou,qinglong
guizhou,qianxinanbuyimiaozizhizhou,zhenfeng
guizhou,qianxinanbuyimiaozizhizhou,wangmo
guizhou,qianxinanbuyimiaozizhizhou,ceheng
guizhou,qianxinanbuyimiaozizhizhou,anlong
guizhou,bijie,qixingguan
guizhou,bijie,dafang
guizhou,bijie,qianxi
guizhou,bijie,jinsha
guizhou,bijie,zhijin
guizhou,bijie,nayong
guizhou,bijie,weiningyihuimiao
guizhou,bijie,hezhang
guizhou,anshun,xixiu
guizhou,anshun,pingba
guizhou,anshun,puding
guizhou,anshun,guanlingbuyimiao
guizhou,anshun,zhenningbuyimiao
guizhou,anshun,ziyunmiaobuyi
guizhou,qiandongnanmiaotongzizhizhou,kaili
guizhou,qiandongnanmiaotongzizhizhou,huangping
guizhou,qiandongnanmiaotongzizhizhou,shibing
guizhou,qiandongnanmiaotongzizhizhou,sansui
guizhou,qiandongnanmiaotongzizhizhou,zhenyuan
guizhou,qiandongnanmiaotongzizhizhou,cengong
guizhou,qiandongnanmiaotongzizhizhou,tianzhu
guizhou,qiandongnanmiaotongzizhizhou,jinping
guizhou,qiandongnanmiaotongzizhizhou,jianhe
guizhou,qiandongnanmiaotongzizhizhou,taijiang
guizhou,qiandongnanmiaotongzizhizhou,liping
guizhou,qiandongnanmiaotongzizhizhou,rongjiang
guizhou,qiandongnanmiaotongzizhizhou,congjiang
guizhou,qiandongnanmiaotongzizhizhou,leishan
guizhou,qiandongnanmiaotongzizhizhou,majiang
guizhou,qiandongnanmiaotongzizhizhou,danzhai
guizhou,qiannanbuyimiaozizhizhou,duyun
guizhou,qiannanbuyimiaozizhizhou,fuquan
guizhou,qiannanbuyimiaozizhizhou,libo
guizhou,qiannanbuyimiaozizhizhou,guiding
guizhou,qiannanbuyimiaozizhizhou,wengan
guizhou,qiannanbuyimiaozizhizhou,dushan
guizhou,qiannanbuyimiaozizhizhou,pingtang
guizhou,qiannanbuyimiaozizhizhou,luodian
guizhou,qiannanbuyimiaozizhizhou,changshun
guizhou,qiannanbuyimiaozizhizhou,longli
guizhou,qiannanbuyimiaozizhizhou,huishui
guizhou,qiannanbuyimiaozizhizhou,sandushui
yunnan,kunming,wuhua
yunnan,kunming,panlong
yunnan,kunming,guandu
yunnan,kunming,xishan
yunnan,kunming,dongchuan
yunnan,kunming,chenggong
yunnan,kunming,jinning
yunnan,kunming,fumin
yunnan,kunming,yiliang
yunnan,kunming,shilinyi
yunnan,kunming,songming
yunnan,kunming,luquanyimiao
yunnan,kunming,xundianhui
yunnan,kunming,anning
yunnan,qujing,qilin
yunnan,qujing,malong
yunnan,qujing,luliang
yunnan,qujing,shizong
yunnan,qujing,luoping
yunnan,qujing,fuyuan
yunnan,qujing,huize
yunnan,qujing,zhanyi
yunnan,qujing,xuanwei
yunnan,yuxi,hongta
yunnan,yuxi,jiangchuan
yunnan,yuxi,chengjiang
yunnan,yuxi,tonghai
yunnan,yuxi,huaning
yunnan,yuxi,yimen
yunnan,yuxi,eshanyi
yunnan,yuxi,xinpingyidai
yunnan,yuxi,yuanjianghaniyidai
yunnan,zhaotong,zhaoyang
yunnan,zhaotong,ludian
yunnan,zhaotong,qiaojia
yunnan,zhaotong,yanjin
yunnan,zhaotong,daguan
yunnan,zhaotong,yongshan
yunnan,zhaotong,suijiang
yunnan,zhaotong,zhenxiong
yunnan,zhaotong,yiliang
yunnan,zhaotong,weixin
yunnan,zhaotong,shuifu
yunnan,chuxiongyizizhizhou,chuxiong
yunnan,chuxiongyizizhizhou,shuangbai
yunnan,chuxiongyizizhizhou,mouding
yunnan,chuxiongyizizhizhou,nanhua
yunnan,chuxiongyizizhizhou,yaoan
yunnan,chuxiongyizizhizhou,dayao
yunnan,chuxiongyizizhizhou,yongren
yunnan,chuxiongyizizhizhou,yuanmou
yunnan,chuxiongyizizhizhou,wuding
yunnan,chuxiongyizizhizhou,lufeng
yunnan,honghehaniyizizhizhou,gejiu
yunnan,honghehaniyizizhizhou,kaiyuan
yunnan,honghehaniyizizhizhou,mengzi
yunnan,honghehaniyizizhizhou,pingbianmiao
yunnan,honghehaniyizizhizhou,jianshui
yunnan,honghehaniyizizhizhou,shiping
yunnan,honghehaniyizizhizhou,mile
yunnan,honghehaniyizizhizhou,luxi
yunnan,honghehaniyizizhizhou,yuanyang
yunnan,honghehaniyizizhizhou,honghe
yunnan,honghehaniyizizhizhou,jinpingmiaoyaodai
yunnan,honghehaniyizizhizhou,lvchun
yunnan,honghehaniyizizhizhou,hekouyao
yunnan,wenshanzhuangmiaozizhizhou,wenshan
yunnan,wenshanzhuangmiaozizhizhou,yanshan
yunnan,wenshanzhuangmiaozizhizhou,xichou
yunnan,wenshanzhuangmiaozizhizhou,malipo
yunnan,wenshanzhuangmiaozizhizhou,maguan
yunnan,wenshanzhuangmiaozizhizhou,qiubei
yunnan,wenshanzhuangmiaozizhizhou,guangnan
yunnan,wenshanzhuangmiaozizhizhou,funing
yunnan,puer,simao
yunnan,puer,ningerhaniyi
yunnan,puer,mojianghani
yunnan,puer,jingdongyi
yunnan,puer,jinggudaiyi
yunnan,puer,zhenyuanyihanilahu
yunnan,puer,jiangchenghaniyi
yunnan,puer,mengliandailahuwa
yunnan,puer,lancanglahu
yunnan,puer,xiwa
yunnan,xishuangbannadaizizhizhou,jinghong
yunnan,xishuangbannadaizizhizhou,menghai
yunnan,xishuangbannadaizizhizhou,mengla
yunnan,dalibaizizhizhou,dali
yunnan,dalibaizizhizhou,yangpiyi
yunnan,dalibaizizhizhou,xiangyun
yunnan,dalibaizizhizhou,binchuan
yunnan,dalibaizizhizhou,midu
yunnan,dalibaizizhizhou,nanjianyi
yunnan,dalibaizizhizhou,weishanyihui
yunnan,dalibaizizhizhou,yongping
yunnan,dalibaizizhizhou,yunlong
yunnan,dalibaizizhizhou,eryuan
yunnan,dalibaizizhizhou,jianchuan
yunnan,dalibaizizhizhou,heqing
yunnan,baoshan,longyang
yunnan,baoshan,shidian
yunnan,baoshan,tengchong
yunnan,baoshan,longling
yunnan,baoshan,changning
yunnan,dehongdaijingpozizhizhou,ruili
yunnan,dehongdaijingpozizhizhou,mang
yunnan,dehongdaijingpozizhizhou,lianghe
yunnan,dehongdaijingpozizhizhou,yingjiang
yunnan,dehongdaijingpozizhizhou,longchuan
yunnan,lijiang,gucheng
yunnan,lijiang,yulongnaxi
yunnan,lijiang,yongsheng
yunnan,lijiang,huaping
yunnan,lijiang,ninglangyi
yunnan,nujianglisuzizhizhou,lushui
yunnan,nujianglisuzizhizhou,fugong
yunnan,nujianglisuzizhizhou,gongshandulongnu
yunnan,nujianglisuzizhizhou,lanpingbaipumi
yunnan,diqingcangzizhizhou,xianggelila
yunnan,diqingcangzizhizhou,deqin
yunnan,diqingcangzizhizhou,weixilisu
yunnan,lincang,linxiang
yunnan,lincang,fengqing
yunnan,lincang,yun
yunnan,lincang,yongde
yunnan,lincang,zhenkang
yunnan,lincang,shuangjianglahuwabulangdai
yunnan,lincang,gengmadaiwa
yunnan,lincang,cangyuanwa
xicang,lasa,chengguan
xicang,lasa,linzhou
xicang,lasa,dangxiong
xicang,lasa,nimu
xicang,lasa,qushui
xicang,lasa,duilongdeqing
xicang,lasa,dazi
xicang,lasa,mozhugongqia
xicang,changdu,qiaruo
xicang,changdu,jiangda
xicang,changdu,gongjue
xicang,changdu,leiwuqi
xicang,changdu,dingqing
xicang,changdu,chaya
xicang,changdu,basu
xicang,changdu,zuogong
xicang,changdu,mangkang
xicang,changdu,luolong
xicang,changdu,bianba
xicang,shannandi,naidong
xicang,shannandi,zhanang
xicang,shannandi,gongga
xicang,shannandi,sangri
xicang,shannandi,qiongjie
xicang,shannandi,qusong
xicang,shannandi,cuomei
xicang,shannandi,luozha
xicang,shannandi,jiacha
xicang,shannandi,longzi
xicang,shannandi,cuona
xicang,shannandi,langqiazi
xicang,rikaze,sangzhuzi
xicang,rikaze,nanmulin
xicang,rikaze,jiangzi
xicang,rikaze,dingri
xicang,rikaze,sajia
xicang,rikaze,lazi
xicang,rikaze,angren
xicang,rikaze,xietongmen
xicang,rikaze,bailang
xicang,rikaze,renbu
xicang,rikaze,kangma
xicang,rikaze,dingjie
xicang,rikaze,zhongba
xicang,rikaze,yadong
xicang,rikaze,jilong
xicang,rikaze,nielamu
xicang,rikaze,saga
xicang,rikaze,gangba
xicang,naqudi,naqu
xicang,naqudi,jiali
xicang,naqudi,biru
xicang,naqudi,nierong
xicang,naqudi,anduo
xicang,naqudi,shenzha
xicang,naqudi,suo
xicang,naqudi,bange
xicang,naqudi,shuanghu
xicang,naqudi,baqing
xicang,naqudi,nima
xicang,alidi,pulan
xicang,alidi,zhada
xicang,alidi,geer
xicang,alidi,ritu
xicang,alidi,geji
xicang,alidi,gaize
xicang,alidi,cuoqin
xicang,linzhidi,linzhi
xicang,linzhidi,gongbujiangda
xicang,linzhidi,milin
xicang,linzhidi,motuo
xicang,linzhidi,bomi
xicang,linzhidi,chayu
xicang,linzhidi,lang
shanxi,xian,xincheng
shanxi,xian,beilin
shanxi,xian,lianhu
shanxi,xian,baqiao
shanxi,xian,weiyang
shanxi,xian,yanta
shanxi,xian,yanliang
shanxi,xian,lintong
shanxi,xian,changan
shanxi,xian,gaoling
shanxi,xian,huyi
shanxi,xian,zhouzhi
shanxi,xian,lantian
shanxi,tongchuan,wangyi
shanxi,tongchuan,yintai
shanxi,tongchuan,yaozhou
shanxi,tongchuan,yijun
shanxi,baoji,weibin
shanxi,baoji,jintai
shanxi,baoji,chencang
shanxi,baoji,fengxiang
shanxi,baoji,qishan
shanxi,baoji,fufeng
shanxi,baoji,mei
shanxi,baoji,long
shanxi,baoji,qianyang
shanxi,baoji,linyou
shanxi,baoji,feng
shanxi,baoji,taibai
shanxi,xianyang,qindu
shanxi,xianyang,yangling
shanxi,xianyang,weicheng
shanxi,xianyang,sanyuan
shanxi,xianyang,jingyang
shanxi,xianyang,gan
shanxi,xianyang,liquan
shanxi,xianyang,yongshou
shanxi,xianyang,bin
shanxi,xianyang,changwu
shanxi,xianyang,xunyi
shanxi,xianyang,chunhua
shanxi,xianyang,wugong
shanxi,xianyang,xingping
shanxi,weinan,linwei
shanxi,weinan,huazhou
shanxi,weinan,tongguan
shanxi,weinan,dali
shanxi,weinan,heyang
shanxi,weinan,chengcheng
shanxi,weinan,pucheng
shanxi,weinan,baishui
shanxi,weinan,fuping
shanxi,weinan,hancheng
shanxi,weinan,huayin
shanxi,yanan,baota
shanxi,yanan,ansai
shanxi,yanan,yanchang
shanxi,yanan,yanchuan
shanxi,yanan,zichang
shanxi,yanan,zhidan
shanxi,yanan,wu
shanxi,yanan,ganquan
shanxi,yanan,fu
shanxi,yanan,luochuan
shanxi,yanan,yichuan
shanxi,yanan,huanglong
shanxi,yanan,huangling
shanxi,hanzhong,hantai
shanxi,hanzhong,nanzheng
shanxi,hanzhong,chenggu
shanxi,hanzhong,yang
shanxi,hanzhong,xixiang
shanxi,hanzhong,mian
shanxi,hanzhong,ningqiang
shanxi,hanzhong,lveyang
shanxi,hanzhong,zhenba
shanxi,hanzhong,liuba
shanxi,hanzhong,foping
shanxi,ankang,hanbin
shanxi,ankang,hanyin
shanxi,ankang,shiquan
shanxi,ankang,ningshan
shanxi,ankang,ziyang
shanxi,ankang,langao
shanxi,ankang,pingli
shanxi,ankang,zhenping
shanxi,ankang,xunyang
shanxi,ankang,baihe
shanxi,shangluo,shangzhou
shanxi,shangluo,luonan
shanxi,shangluo,danfeng
shanxi,shangluo,shangnan
shanxi,shangluo,shanyang
shanxi,shangluo,zhenan
shanxi,shangluo,zuoshui
shanxi,yulin,yuyang
shanxi,yulin,hengshan
shanxi,yulin,shenmu
shanxi,yulin,fugu
shanxi,yulin,jingbian
shanxi,yulin,dingbian
shanxi,yulin,suide
shanxi,yulin,mizhi
shanxi,yulin,jia
shanxi,yulin,wubao
shanxi,yulin,qingjian
shanxi,yulin,zizhou
gansu,lanzhou,chengguan
gansu,lanzhou,qilihe
gansu,lanzhou,xigu
gansu,lanzhou,anning
gansu,lanzhou,honggu
gansu,lanzhou,yongdeng
gansu,lanzhou,gaolan
gansu,lanzhou,yuzhong
gansu,jiayuguan,jiayuguan
gansu,jinchang,jinchuan
gansu,jinchang,yongchang
gansu,baiyin,baiyin
gansu,baiyin,pingchuan
gansu,baiyin,jingyuan
gansu,baiyin,huining
gansu,baiyin,jingtai
gansu,tianshui,qinzhou
gansu,tianshui,maiji
gansu,tianshui,qingshui
gansu,tianshui,qinan
gansu,tianshui,gangu
gansu,tianshui,wushan
gansu,tianshui,zhangjiachuanhui
gansu,jiuquan,suzhou
gansu,jiuquan,yumen
gansu,jiuquan,dunhuang
gansu,jiuquan,jinta
gansu,jiuquan,subeimenggu
gansu,jiuquan,akesaihasake
gansu,jiuquan,anxi
gansu,zhangye,ganzhou
gansu,zhangye,sunanyugu
gansu,zhangye,minle
gansu,zhangye,linze
gansu,zhangye,gaotai
gansu,zhangye,shandan
gansu,wuwei,liangzhou
gansu,wuwei,minqin
gansu,wuwei,gulang
gansu,wuwei,tianzhucang
gansu,dingxi,anding
gansu,dingxi,tongwei
gansu,dingxi,longxi
gansu,dingxi,weiyuan
gansu,dingxi,lintao
gansu,dingxi,zhang
gansu,dingxi,min
gansu,longnan,wudu
gansu,longnan,dangchang
gansu,longnan,cheng
gansu,longnan,kang
gansu,longnan,wen
gansu,longnan,xihe
gansu,longnan,li
gansu,longnan,liangdang
gansu,longnan,hui
gansu,pingliang,kongtong
gansu,pingliang,jingchuan
gansu,pingliang,lingtai
gansu,pingliang,chongxin
gansu,pingliang,huating
gansu,pingliang,zhuanglang
gansu,pingliang,jingning
gansu,qingyang,xifeng
gansu,qingyang,qingcheng
gansu,qingyang,huan
gansu,qingyang,huachi
gansu,qingyang,heshui
gansu,qingyang,zhengning
gansu,qingyang,ning
gansu,qingyang,zhenyuan
gansu,linxiahuizizhizhou,linxia
gansu,linxiahuizizhizhou,linxia
gansu,linxiahuizizhizhou,kangle
gansu,linxiahuizizhizhou,yongjing
gansu,linxiahuizizhizhou,guanghe
gansu,linxiahuizizhizhou,hezheng
gansu,linxiahuizizhizhou,dongxiang
gansu,linxiahuizizhizhou,jishishanbaoandongxiangsala
gansu,gannancangzizhizhou,hezuo
gansu,gannancangzizhizhou,lintan
gansu,gannancangzizhizhou,zhuoni
gansu,gannancangzizhizhou,zhouqu
gansu,gannancangzizhizhou,diebu
gansu,gannancangzizhizhou,maqu
gansu,gannancangzizhizhou,luqu
gansu,gannancangzizhizhou,xiahe
qinghai,xining,chengdong
qinghai,xining,chengzhong
qinghai,xining,chengxi
qinghai,xining,chengbei
qinghai,xining,huangzhong
qinghai,xining,huangyuan
qinghai,xining,datonghuitu
qinghai,haidong,ledu
qinghai,haidong,pingan
qinghai,haidong,minhehuitu
qinghai,haidong,huzhutu
qinghai,haidong,hualonghui
qinghai,haidong,xunhuasala
qinghai,haibeicangzizhizhou,menyuanhui
qinghai,haibeicangzizhizhou,qilian
qinghai,haibeicangzizhizhou,haiyan
qinghai,haibeicangzizhizhou,gangcha
qinghai,huangnancangzizhizhou,tongren
qinghai,huangnancangzizhizhou,jianzha
qinghai,huangnancangzizhizhou,zeku
qinghai,huangnancangzizhizhou,henanmenggu
qinghai,hainancangzizhizhou,gonghe
qinghai,hainancangzizhizhou,tongde
qinghai,hainancangzizhizhou,guide
qinghai,hainancangzizhizhou,xinghai
qinghai,hainancangzizhizhou,guinan
qinghai,guoluocangzizhizhou,maqin
qinghai,guoluocangzizhizhou,banma
qinghai,guoluocangzizhizhou,gande
qinghai,guoluocangzizhizhou,dari
qinghai,guoluocangzizhizhou,jiuzhi
qinghai,guoluocangzizhizhou,maduo
qinghai,yushucangzizhizhou,yushu
qinghai,yushucangzizhizhou,zaduo
qinghai,yushucangzizhizhou,chengduo
qinghai,yushucangzizhizhou,zhiduo
qinghai,yushucangzizhizhou,nangqian
qinghai,yushucangzizhizhou,qumalai
qinghai,haiximenggucangzizhizhou,geermu
qinghai,haiximenggucangzizhizhou,delingha
qinghai,haiximenggucangzizhizhou,wulan
qinghai,haiximenggucangzizhizhou,dulan
qinghai,haiximenggucangzizhizhou,tianjun
ningxia,yinchuan,xingqing
ningxia,yinchuan,xixia
ningxia,yinchuan,jinfeng
ningxia,yinchuan,yongning
ningxia,yinchuan,helan
ningxia,yinchuan,lingwu
ningxia,shizuishan,dawukou
ningxia,shizuishan,huinong
ningxia,shizuishan,pingluo
ningxia,wuzhong,litong
ningxia,wuzhong,hongsibao
ningxia,wuzhong,yanchi
ningxia,wuzhong,tongxin
ningxia,wuzhong,qingtongxia
ningxia,guyuan,yuanzhou
ningxia,guyuan,xiji
ningxia,guyuan,longde
ningxia,guyuan,jingyuan
ningxia,guyuan,pengyang
ningxia,zhongwei,shapotou
ningxia,zhongwei,zhongning
ningxia,zhongwei,haiyuan
xinjiang,wulumuqi,tianshan
xinjiang,wulumuqi,shayibake
xinjiang,wulumuqi,xin
xinjiang,wulumuqi,shuimogou
xinjiang,wulumuqi,toutunhe
xinjiang,wulumuqi,nanshankuang
xinjiang,wulumuqi,dongshan
xinjiang,wulumuqi,wulumuqi
xinjiang,kelamayi,dushanzi
xinjiang,kelamayi,kelamayi
xinjiang,kelamayi,baijiantan
xinjiang,kelamayi,wuerhe
xinjiang,tulufandi,tulufan
xinjiang,tulufandi,shanshan
xinjiang,tulufandi,tuokexun
xinjiang,hamidi,hami
xinjiang,hamidi,balikunhasake
xinjiang,hamidi,yiwu
xinjiang,changjihuizizhizhou,changji
xinjiang,changjihuizizhizhou,fukang
xinjiang,changjihuizizhizhou,hutubi
xinjiang,changjihuizizhizhou,manasi
xinjiang,changjihuizizhizhou,qitai
xinjiang,changjihuizizhizhou,jimusaer
xinjiang,changjihuizizhizhou,muleihasake
xinjiang,boertalamengguzizhizhou,alashankou
xinjiang,boertalamengguzizhizhou,bole
xinjiang,boertalamengguzizhizhou,jinghe
xinjiang,boertalamengguzizhizhou,wenquan
xinjiang,bayinguolengmengguzizhizhou,kuerle
xinjiang,bayinguolengmengguzizhizhou,luntai
xinjiang,bayinguolengmengguzizhizhou,weili
xinjiang,bayinguolengmengguzizhizhou,ruoqiang
xinjiang,bayinguolengmengguzizhizhou,qiemo
xinjiang,bayinguolengmengguzizhizhou,yanqihui
xinjiang,bayinguolengmengguzizhizhou,hejing
xinjiang,bayinguolengmengguzizhizhou,heshuo
xinjiang,bayinguolengmengguzizhizhou,bohu
xinjiang,akesudi,akesu
xinjiang,akesudi,wensu
xinjiang,akesudi,kuche
xinjiang,akesudi,shaya
xinjiang,akesudi,xinhe
xinjiang,akesudi,baicheng
xinjiang,akesudi,wushi
xinjiang,akesudi,awati
xinjiang,akesudi,keping
xinjiang,kezilesukeerkezizizhizhou,atushi
xinjiang,kezilesukeerkezizizhizhou,aketao
xinjiang,kezilesukeerkezizizhizhou,aheqi
xinjiang,kezilesukeerkezizizhizhou,wuqia
xinjiang,kashidi,kashi
xinjiang,kashidi,shufu
xinjiang,kashidi,shule
xinjiang,kashidi,yingjisha
xinjiang,kashidi,zepu
xinjiang,kashidi,shache
xinjiang,kashidi,yecheng
xinjiang,kashidi,maigaiti
xinjiang,kashidi,yuepuhu
xinjiang,kashidi,qieshi
xinjiang,kashidi,bachu
xinjiang,kashidi,tashikuergantajike
xinjiang,hetiandi,hetian
xinjiang,hetiandi,hetian
xinjiang,hetiandi,moyu
xinjiang,hetiandi,pishan
xinjiang,hetiandi,luopu
xinjiang,hetiandi,cele
xinjiang,hetiandi,yutian
xinjiang,hetiandi,minfeng
xinjiang,yilihasakezizhizhou,kuitun
xinjiang,yilihasakezizhizhou,huoerguosi
xinjiang,yilihasakezizhizhou,yining
xinjiang,yilihasakezizhizhou,yining
xinjiang,yilihasakezizhizhou,chabuchaerxibo
xinjiang,yilihasakezizhizhou,huocheng
xinjiang,yilihasakezizhizhou,gongliu
xinjiang,yilihasakezizhizhou,xinyuan
xinjiang,yilihasakezizhizhou,zhaosu
xinjiang,yilihasakezizhizhou,tekesi
xinjiang,yilihasakezizhizhou,nileke
xinjiang,tachengdi,tacheng
xinjiang,tachengdi,wusu
xinjiang,tachengdi,emin
xinjiang,tachengdi,shawan
xinjiang,tachengdi,tuoli
xinjiang,tachengdi,yumin
xinjiang,tachengdi,hebukesaiermenggu
xinjiang,aletaidi,aletai
xinjiang,aletaidi,buerjin
xinjiang,aletaidi,fuyun
xinjiang,aletaidi,fuhai
xinjiang,aletaidi,habahe
xinjiang,aletaidi,qinghe
xinjiang,aletaidi,jimunai
xinjiang,zhixiadanwei,shihezi
xinjiang,zhixiadanwei,alaer
xinjiang,zhixiadanwei,tumushuke
xinjiang,zhixiadanwei,beitun
xinjiang,zhixiadanwei,tiemenguan
xinjiang,zhixiadanwei,shuanghe
xinjiang,zhixiadanwei,wujiaqu
taiwan,taibei,nan
taiwan,gaoxiong,nan
taiwan,jilong,nan
taiwan,taizhong,nan
taiwan,tainan,nan
taiwan,xinzhu,nan
taiwan,jiayi,nan
taiwan,xinbei,nan
taiwan,yilan,nan
taiwan,taoyuan,nan
taiwan,xinzhu,nan
taiwan,miaoli,nan
taiwan,zhanghua,nan
taiwan,nantou,nan
taiwan,yunlin,nan
taiwan,jiayi,nan
taiwan,pingdong,nan
taiwan,taidong,nan
taiwan,hualian,nan
taiwan,penghu,nan
xianggang,nan,nan
aomen,nan,nan
